city,scheme,config_id,weighting,scale_used,n_od,top_ne_shortest_pct,mean_detour_pct,mean_detour_pct_when_diverted,top1_agree_with_hand_default_pct
cityA,hand,R100_S0.05_CAT,CATEGORY,0.05,144,13.194,0.33,2.497,56.25
cityA,hand,R100_S0.1_CAT,CATEGORY,0.1,144,22.222,0.989,4.45,65.972
cityA,hand,R100_S0.2_CAT,CATEGORY,0.2,144,33.333,1.907,5.722,77.778
cityA,hand,R100_S0.5_CAT,CATEGORY,0.5,144,43.056,3.231,7.504,86.806
cityA,hand,R100_S100_CAT,CATEGORY,100.0,144,54.861,4.746,8.651,100.0
cityA,hand,R100_S10_CAT,CATEGORY,10.0,144,54.861,4.746,8.651,100.0
cityA,hand,R100_S13.8_UNI,UNIFORM,13.8,144,49.306,4.119,8.353,93.056
cityA,hand,R100_S1_CAT,CATEGORY,1.0,144,47.917,3.902,8.143,93.056
cityA,hand,R100_S2.76_UNI,UNIFORM,2.76,144,33.333,1.907,5.722,77.778
cityA,hand,R100_S25_CAT,CATEGORY,25.0,144,54.861,4.746,8.651,100.0
cityA,hand,R100_S2_CAT,CATEGORY,2.0,144,51.389,4.293,8.353,96.528
cityA,hand,R100_S50_CAT,CATEGORY,50.0,144,54.861,4.746,8.651,100.0
cityA,hand,R100_S5_CAT,CATEGORY,5.0,144,53.472,4.581,8.566,98.611
cityA,hand,R100_S69_UNI,UNIFORM,69.0,144,54.167,4.613,8.517,97.222
cityA,ons,R100_S0.05_CAT,CATEGORY,0.05,144,9.028,0.209,2.32,52.778
cityA,ons,R100_S0.1_CAT,CATEGORY,0.1,144,14.583,0.376,2.582,57.639
cityA,ons,R100_S0.2_CAT,CATEGORY,0.2,144,21.528,0.992,4.607,65.278
cityA,ons,R100_S0.5_CAT,CATEGORY,0.5,144,33.333,2.187,6.56,77.778
cityA,ons,R100_S1.64_UNI,UNIFORM,1.64,144,24.306,1.142,4.7,68.056
cityA,ons,R100_S100_CAT,CATEGORY,100.0,144,54.167,4.771,8.809,95.139
cityA,ons,R100_S10_CAT,CATEGORY,10.0,144,51.389,4.458,8.674,95.139
cityA,ons,R100_S1_CAT,CATEGORY,1.0,144,42.361,3.223,7.607,86.111
cityA,ons,R100_S25_CAT,CATEGORY,25.0,144,53.472,4.688,8.767,95.833
cityA,ons,R100_S2_CAT,CATEGORY,2.0,144,47.222,3.759,7.96,91.667
cityA,ons,R100_S41_UNI,UNIFORM,41.0,144,52.778,4.382,8.302,95.833
cityA,ons,R100_S50_CAT,CATEGORY,50.0,144,53.472,4.688,8.767,95.833
cityA,ons,R100_S5_CAT,CATEGORY,5.0,144,50.694,4.315,8.512,94.444
cityA,ons,R100_S8.2_UNI,UNIFORM,8.2,144,43.75,3.264,7.46,87.5
cityB,hand,R100_S0.05_CAT,CATEGORY,0.05,142,9.859,0.237,2.405,49.296
cityB,hand,R100_S0.1_CAT,CATEGORY,0.1,142,16.197,0.606,3.742,55.634
cityB,hand,R100_S0.2_CAT,CATEGORY,0.2,142,26.056,1.23,4.719,66.197
cityB,hand,R100_S0.5_CAT,CATEGORY,0.5,142,41.549,2.361,5.682,81.69
cityB,hand,R100_S100_CAT,CATEGORY,100.0,142,59.155,4.795,8.105,99.296
cityB,hand,R100_S10_CAT,CATEGORY,10.0,142,56.338,4.162,7.387,97.887
cityB,hand,R100_S13.8_UNI,UNIFORM,13.8,142,44.366,2.841,6.404,85.211
cityB,hand,R100_S1_CAT,CATEGORY,1.0,142,47.183,2.987,6.33,88.028
cityB,hand,R100_S2.76_UNI,UNIFORM,2.76,142,23.239,1.074,4.621,63.38
cityB,hand,R100_S25_CAT,CATEGORY,25.0,142,58.451,4.637,7.933,100.0
cityB,hand,R100_S2_CAT,CATEGORY,2.0,142,52.817,3.866,7.319,93.662
cityB,hand,R100_S50_CAT,CATEGORY,50.0,142,58.451,4.637,7.933,100.0
cityB,hand,R100_S5_CAT,CATEGORY,5.0,142,54.93,4.017,7.312,95.775
cityB,hand,R100_S69_UNI,UNIFORM,69.0,142,54.93,4.033,7.343,94.366
cityB,ons,R100_S0.05_CAT,CATEGORY,0.05,142,4.93,0.102,2.075,45.775
cityB,ons,R100_S0.1_CAT,CATEGORY,0.1,142,9.155,0.236,2.573,48.592
cityB,ons,R100_S0.2_CAT,CATEGORY,0.2,142,15.493,0.553,3.57,54.93
cityB,ons,R100_S0.5_CAT,CATEGORY,0.5,142,31.69,1.702,5.37,71.831
cityB,ons,R100_S1.64_UNI,UNIFORM,1.64,142,15.493,0.606,3.91,54.93
cityB,ons,R100_S100_CAT,CATEGORY,100.0,142,59.859,4.934,8.243,97.183
cityB,ons,R100_S10_CAT,CATEGORY,10.0,142,56.338,4.183,7.425,96.479
cityB,ons,R100_S1_CAT,CATEGORY,1.0,142,39.437,2.298,5.827,79.577
cityB,ons,R100_S25_CAT,CATEGORY,25.0,142,58.451,4.676,7.999,95.775
cityB,ons,R100_S2_CAT,CATEGORY,2.0,142,46.479,3.123,6.719,86.62
cityB,ons,R100_S41_UNI,UNIFORM,41.0,142,52.817,3.823,7.239,93.662
cityB,ons,R100_S50_CAT,CATEGORY,50.0,142,59.859,4.934,8.243,97.183
cityB,ons,R100_S5_CAT,CATEGORY,5.0,142,52.817,3.856,7.301,92.958
cityB,ons,R100_S8.2_UNI,UNIFORM,8.2,142,42.958,2.711,6.31,83.803
cityC,hand,R100_S0.05_CAT,CATEGORY,0.05,150,22.0,0.863,3.922,67.333
cityC,hand,R100_S0.1_CAT,CATEGORY,0.1,150,31.333,1.36,4.341,76.667
cityC,hand,R100_S0.2_CAT,CATEGORY,0.2,150,38.0,1.811,4.765,83.333
cityC,hand,R100_S0.5_CAT,CATEGORY,0.5,150,46.667,2.47,5.292,92.0
cityC,hand,R100_S100_CAT,CATEGORY,100.0,150,54.0,3.496,6.475,100.0
cityC,hand,R100_S10_CAT,CATEGORY,10.0,150,53.333,3.483,6.531,99.333
cityC,hand,R100_S13.8_UNI,UNIFORM,13.8,150,48.667,2.826,5.806,94.0
cityC,hand,R100_S1_CAT,CATEGORY,1.0,150,49.333,2.843,5.763,94.667
cityC,hand,R100_S2.76_UNI,UNIFORM,2.76,150,37.333,1.749,4.685,82.667
cityC,hand,R100_S25_CAT,CATEGORY,25.0,150,54.0,3.496,6.475,100.0
cityC,hand,R100_S2_CAT,CATEGORY,2.0,150,50.667,3.079,6.077,96.667
cityC,hand,R100_S50_CAT,CATEGORY,50.0,150,54.0,3.496,6.475,100.0
cityC,hand,R100_S5_CAT,CATEGORY,5.0,150,52.667,3.325,6.314,98.667
cityC,hand,R100_S69_UNI,UNIFORM,69.0,150,52.667,3.261,6.193,98.667
cityC,ons,R100_S0.05_CAT,CATEGORY,0.05,150,12.667,0.537,4.238,58.667
cityC,ons,R100_S0.1_CAT,CATEGORY,0.1,150,26.667,1.129,4.235,71.333
cityC,ons,R100_S0.2_CAT,CATEGORY,0.2,150,31.333,1.36,4.341,76.667
cityC,ons,R100_S0.5_CAT,CATEGORY,0.5,150,42.667,2.246,5.263,88.0
cityC,ons,R100_S1.64_UNI,UNIFORM,1.64,150,31.333,1.322,4.22,76.667
cityC,ons,R100_S100_CAT,CATEGORY,100.0,150,54.0,3.452,6.393,96.0
cityC,ons,R100_S10_CAT,CATEGORY,10.0,150,54.0,3.452,6.393,96.0
cityC,ons,R100_S1_CAT,CATEGORY,1.0,150,46.0,2.469,5.367,91.333
cityC,ons,R100_S25_CAT,CATEGORY,25.0,150,54.0,3.452,6.393,96.0
cityC,ons,R100_S2_CAT,CATEGORY,2.0,150,50.667,2.991,5.904,93.333
cityC,ons,R100_S41_UNI,UNIFORM,41.0,150,52.0,3.156,6.07,98.0
cityC,ons,R100_S50_CAT,CATEGORY,50.0,150,54.0,3.452,6.393,96.0
cityC,ons,R100_S5_CAT,CATEGORY,5.0,150,52.667,3.215,6.105,94.667
cityC,ons,R100_S8.2_UNI,UNIFORM,8.2,150,47.333,2.563,5.414,92.667
cityD,hand,R100_S0.05_CAT,CATEGORY,0.05,132,12.121,0.467,3.855,58.333
cityD,hand,R100_S0.1_CAT,CATEGORY,0.1,132,19.697,0.954,4.845,65.909
cityD,hand,R100_S0.2_CAT,CATEGORY,0.2,132,25.758,1.315,5.104,68.939
cityD,hand,R100_S0.5_CAT,CATEGORY,0.5,132,33.333,1.942,5.825,78.03
cityD,hand,R100_S100_CAT,CATEGORY,100.0,132,53.788,5.483,10.193,100.0
cityD,hand,R100_S10_CAT,CATEGORY,10.0,132,51.515,5.152,10.001,97.727
cityD,hand,R100_S13.8_UNI,UNIFORM,13.8,132,41.667,2.927,7.026,84.848
cityD,hand,R100_S1_CAT,CATEGORY,1.0,132,40.909,2.921,7.141,85.606
cityD,hand,R100_S2.76_UNI,UNIFORM,2.76,132,22.727,1.091,4.802,67.424
cityD,hand,R100_S25_CAT,CATEGORY,25.0,132,53.03,5.4,10.183,99.242
cityD,hand,R100_S2_CAT,CATEGORY,2.0,132,43.939,3.604,8.203,90.152
cityD,hand,R100_S50_CAT,CATEGORY,50.0,132,53.788,5.483,10.193,100.0
cityD,hand,R100_S5_CAT,CATEGORY,5.0,132,50.758,4.296,8.463,96.97
cityD,hand,R100_S69_UNI,UNIFORM,69.0,132,52.273,4.496,8.601,93.939
cityD,ons,R100_S0.05_CAT,CATEGORY,0.05,132,6.818,0.113,1.656,53.03
cityD,ons,R100_S0.1_CAT,CATEGORY,0.1,132,12.121,0.467,3.855,58.333
cityD,ons,R100_S0.2_CAT,CATEGORY,0.2,132,19.697,0.926,4.699,65.152
cityD,ons,R100_S0.5_CAT,CATEGORY,0.5,132,28.03,1.392,4.964,70.455
cityD,ons,R100_S1.64_UNI,UNIFORM,1.64,132,18.939,0.947,5.0,65.152
cityD,ons,R100_S100_CAT,CATEGORY,100.0,132,51.515,5.255,10.202,93.939
cityD,ons,R100_S10_CAT,CATEGORY,10.0,132,46.97,4.041,8.603,89.394
cityD,ons,R100_S1_CAT,CATEGORY,1.0,132,31.061,1.64,5.281,75.0
cityD,ons,R100_S25_CAT,CATEGORY,25.0,132,49.242,5.062,10.279,91.667
cityD,ons,R100_S2_CAT,CATEGORY,2.0,132,37.879,2.547,6.724,81.818
cityD,ons,R100_S41_UNI,UNIFORM,41.0,132,46.212,3.788,8.198,90.909
cityD,ons,R100_S50_CAT,CATEGORY,50.0,132,50.758,5.234,10.313,93.182
cityD,ons,R100_S5_CAT,CATEGORY,5.0,132,43.939,3.716,8.457,87.121
cityD,ons,R100_S8.2_UNI,UNIFORM,8.2,132,36.364,2.365,6.505,81.061
