city,scheme,scale_m_per_point,n_od,top_ne_shortest_pct,mean_detour_pct,mean_detour_pct_when_diverted
cityA,hand,0.05,144,13.194,0.33,2.497
cityA,hand,0.1,144,22.222,0.989,4.45
cityA,hand,0.2,144,33.333,1.907,5.722
cityA,hand,0.5,144,43.056,3.231,7.504
cityA,hand,1.0,144,47.917,3.902,8.143
cityA,hand,2.0,144,51.389,4.293,8.353
cityA,hand,5.0,144,53.472,4.581,8.566
cityA,hand,10.0,144,54.861,4.746,8.651
cityA,hand,25.0,144,54.861,4.746,8.651
cityA,hand,50.0,144,54.861,4.746,8.651
cityA,hand,100.0,144,54.861,4.746,8.651
cityB,hand,0.05,142,9.859,0.237,2.405
cityB,hand,0.1,142,16.197,0.606,3.742
cityB,hand,0.2,142,26.056,1.23,4.719
cityB,hand,0.5,142,41.549,2.361,5.682
cityB,hand,1.0,142,47.183,2.987,6.33
cityB,hand,2.0,142,52.817,3.866,7.319
cityB,hand,5.0,142,54.93,4.017,7.312
cityB,hand,10.0,142,56.338,4.162,7.387
cityB,hand,25.0,142,58.451,4.637,7.933
cityB,hand,50.0,142,58.451,4.637,7.933
cityB,hand,100.0,142,59.155,4.795,8.105
cityC,hand,0.05,150,22.0,0.863,3.922
cityC,hand,0.1,150,31.333,1.36,4.341
cityC,hand,0.2,150,38.0,1.811,4.765
cityC,hand,0.5,150,46.667,2.47,5.292
cityC,hand,1.0,150,49.333,2.843,5.763
cityC,hand,2.0,150,50.667,3.079,6.077
cityC,hand,5.0,150,52.667,3.325,6.314
cityC,hand,10.0,150,53.333,3.483,6.531
cityC,hand,25.0,150,54.0,3.496,6.475
cityC,hand,50.0,150,54.0,3.496,6.475
cityC,hand,100.0,150,54.0,3.496,6.475
cityD,hand,0.05,132,12.121,0.467,3.855
cityD,hand,0.1,132,19.697,0.954,4.845
cityD,hand,0.2,132,25.758,1.315,5.104
cityD,hand,0.5,132,33.333,1.942,5.825
cityD,hand,1.0,132,40.909,2.921,7.141
cityD,hand,2.0,132,43.939,3.604,8.203
cityD,hand,5.0,132,50.758,4.296,8.463
cityD,hand,10.0,132,51.515,5.152,10.001
cityD,hand,25.0,132,53.03,5.4,10.183
cityD,hand,50.0,132,53.788,5.483,10.193
cityD,hand,100.0,132,53.788,5.483,10.193
cityA,ons,0.05,144,9.028,0.209,2.32
cityA,ons,0.1,144,14.583,0.376,2.582
cityA,ons,0.2,144,21.528,0.992,4.607
cityA,ons,0.5,144,33.333,2.187,6.56
cityA,ons,1.0,144,42.361,3.223,7.607
cityA,ons,2.0,144,47.222,3.759,7.96
cityA,ons,5.0,144,50.694,4.315,8.512
cityA,ons,10.0,144,51.389,4.458,8.674
cityA,ons,25.0,144,53.472,4.688,8.767
cityA,ons,50.0,144,53.472,4.688,8.767
cityA,ons,100.0,144,54.167,4.771,8.809
cityB,ons,0.05,142,4.93,0.102,2.075
cityB,ons,0.1,142,9.155,0.236,2.573
cityB,ons,0.2,142,15.493,0.553,3.57
cityB,ons,0.5,142,31.69,1.702,5.37
cityB,ons,1.0,142,39.437,2.298,5.827
cityB,ons,2.0,142,46.479,3.123,6.719
cityB,ons,5.0,142,52.817,3.856,7.301
cityB,ons,10.0,142,56.338,4.183,7.425
cityB,ons,25.0,142,58.451,4.676,7.999
cityB,ons,50.0,142,59.859,4.934,8.243
cityB,ons,100.0,142,59.859,4.934,8.243
cityC,ons,0.05,150,12.667,0.537,4.238
cityC,ons,0.1,150,26.667,1.129,4.235
cityC,ons,0.2,150,31.333,1.36,4.341
cityC,ons,0.5,150,42.667,2.246,5.263
cityC,ons,1.0,150,46.0,2.469,5.367
cityC,ons,2.0,150,50.667,2.991,5.904
cityC,ons,5.0,150,52.667,3.215,6.105
cityC,ons,10.0,150,54.0,3.452,6.393
cityC,ons,25.0,150,54.0,3.452,6.393
cityC,ons,50.0,150,54.0,3.452,6.393
cityC,ons,100.0,150,54.0,3.452,6.393
cityD,ons,0.05,132,6.818,0.113,1.656
cityD,ons,0.1,132,12.121,0.467,3.855
cityD,ons,0.2,132,19.697,0.926,4.699
cityD,ons,0.5,132,28.03,1.392,4.964
cityD,ons,1.0,132,31.061,1.64,5.281
cityD,ons,2.0,132,37.879,2.547,6.724
cityD,ons,5.0,132,43.939,3.716,8.457
cityD,ons,10.0,132,46.97,4.041,8.603
cityD,ons,25.0,132,49.242,5.062,10.279
cityD,ons,50.0,132,50.758,5.234,10.313
cityD,ons,100.0,132,51.515,5.255,10.202
