city,scheme,scale_m_per_point,strategy,eval_period,eval_radius_m,n_od,mean_detour_pct,mean_exposure_count,mean_exposure_severity,diff_count_vs_shortest,diff_count_ci_lo,diff_count_ci_hi,diff_severity_vs_shortest,diff_severity_ci_lo,diff_severity_ci_hi,pct_change_severity_vs_shortest,share_od_diverted_pct
cityA,hand,0.2,shortest,T2,50,144,0.0,123.049,1805.938,0.0,0.0,0.0,0.0,0.0,0.0,0.0,0.0
cityA,hand,0.2,count_only,T2,50,144,1.907,99.347,1455.021,-23.701,-38.749,-11.319,-350.917,-570.509,-168.23,-19.431,33.333
cityA,hand,0.2,severity_weighted,T2,50,144,1.907,99.347,1455.021,-23.701,-38.749,-11.319,-350.917,-570.509,-168.23,-19.431,33.333
cityA,hand,0.2,random_alternative,T2,50,144,5.414,131.056,1922.738,8.007,-1.345,16.925,116.801,-18.861,245.976,6.468,61.806
cityA,hand,0.2,shortest,T2,100,144,0.0,271.597,3966.931,0.0,0.0,0.0,0.0,0.0,0.0,0.0,0.0
cityA,hand,0.2,count_only,T2,100,144,1.907,230.639,3367.333,-40.958,-58.557,-25.859,-599.597,-858.067,-375.291,-15.115,33.333
cityA,hand,0.2,severity_weighted,T2,100,144,1.907,230.639,3367.333,-40.958,-58.557,-25.859,-599.597,-858.067,-375.291,-15.115,33.333
cityA,hand,0.2,random_alternative,T2,100,144,5.414,289.727,4227.149,18.13,3.57,32.249,260.219,46.695,466.805,6.56,61.806
cityA,hand,0.2,shortest,T1,50,144,0.0,226.812,3241.188,0.0,0.0,0.0,0.0,0.0,0.0,0.0,0.0
cityA,hand,0.2,count_only,T1,50,144,1.907,182.139,2586.792,-44.674,-71.258,-22.136,-654.396,-1053.049,-320.966,-20.19,33.333
cityA,hand,0.2,severity_weighted,T1,50,144,1.907,182.139,2586.792,-44.674,-71.258,-22.136,-654.396,-1053.049,-320.966,-20.19,33.333
cityA,hand,0.2,random_alternative,T1,50,144,5.414,239.556,3430.528,12.743,-4.573,29.141,189.34,-61.291,430.361,5.842,61.806
cityA,hand,0.2,shortest,T1,100,144,0.0,497.062,7090.875,0.0,0.0,0.0,0.0,0.0,0.0,0.0,0.0
cityA,hand,0.2,count_only,T1,100,144,1.907,421.972,5985.0,-75.09,-107.372,-47.572,-1105.875,-1584.728,-702.54,-15.596,33.333
cityA,hand,0.2,severity_weighted,T1,100,144,1.907,421.972,5985.0,-75.09,-107.372,-47.572,-1105.875,-1584.728,-702.54,-15.596,33.333
cityA,hand,0.2,random_alternative,T1,100,144,5.414,529.78,7546.763,32.718,4.872,59.835,455.888,49.068,844.098,6.429,61.806
cityA,hand,1.0,shortest,T2,50,144,0.0,123.049,1805.938,0.0,0.0,0.0,0.0,0.0,0.0,0.0,0.0
cityA,hand,1.0,count_only,T2,50,144,4.119,97.25,1426.708,-25.799,-41.127,-13.104,-379.229,-603.792,-191.806,-20.999,49.306
cityA,hand,1.0,severity_weighted,T2,50,144,3.902,97.451,1430.035,-25.597,-40.785,-12.964,-375.903,-600.806,-189.657,-20.815,47.917
cityA,hand,1.0,random_alternative,T2,50,144,5.414,131.056,1922.738,8.007,-1.345,16.925,116.801,-18.861,245.976,6.468,61.806
cityA,hand,1.0,shortest,T2,100,144,0.0,271.597,3966.931,0.0,0.0,0.0,0.0,0.0,0.0,0.0,0.0
cityA,hand,1.0,count_only,T2,100,144,4.119,224.535,3281.993,-47.062,-64.73,-31.805,-684.938,-944.823,-458.886,-17.266,49.306
cityA,hand,1.0,severity_weighted,T2,100,144,3.902,224.521,3282.153,-47.076,-64.771,-31.708,-684.778,-947.931,-461.132,-17.262,47.917
cityA,hand,1.0,random_alternative,T2,100,144,5.414,289.727,4227.149,18.13,3.57,32.249,260.219,46.695,466.805,6.56,61.806
cityA,hand,1.0,shortest,T1,50,144,0.0,226.812,3241.188,0.0,0.0,0.0,0.0,0.0,0.0,0.0,0.0
cityA,hand,1.0,count_only,T1,50,144,4.119,176.729,2518.979,-50.083,-77.047,-27.426,-722.208,-1121.74,-391.646,-22.282,49.306
cityA,hand,1.0,severity_weighted,T1,50,144,3.902,177.444,2526.819,-49.368,-76.361,-26.677,-714.368,-1107.049,-381.898,-22.04,47.917
cityA,hand,1.0,random_alternative,T1,50,144,5.414,239.556,3430.528,12.743,-4.573,29.141,189.34,-61.291,430.361,5.842,61.806
cityA,hand,1.0,shortest,T1,100,144,0.0,497.062,7090.875,0.0,0.0,0.0,0.0,0.0,0.0,0.0,0.0
cityA,hand,1.0,count_only,T1,100,144,4.119,410.847,5832.201,-86.215,-118.848,-58.443,-1258.674,-1738.764,-850.241,-17.751,49.306
cityA,hand,1.0,severity_weighted,T1,100,144,3.902,411.194,5833.757,-85.868,-118.408,-58.096,-1257.118,-1734.933,-848.337,-17.729,47.917
cityA,hand,1.0,random_alternative,T1,100,144,5.414,529.78,7546.763,32.718,4.872,59.835,455.888,49.068,844.098,6.429,61.806
cityA,hand,5.0,shortest,T2,50,144,0.0,123.049,1805.938,0.0,0.0,0.0,0.0,0.0,0.0,0.0,0.0
cityA,hand,5.0,count_only,T2,50,144,4.613,96.965,1421.479,-26.083,-41.206,-13.166,-384.458,-607.197,-195.391,-21.289,54.167
cityA,hand,5.0,severity_weighted,T2,50,144,4.581,96.792,1418.931,-26.257,-41.425,-13.333,-387.007,-608.458,-198.395,-21.43,53.472
cityA,hand,5.0,random_alternative,T2,50,144,5.414,131.056,1922.738,8.007,-1.345,16.925,116.801,-18.861,245.976,6.468,61.806
cityA,hand,5.0,shortest,T2,100,144,0.0,271.597,3966.931,0.0,0.0,0.0,0.0,0.0,0.0,0.0,0.0
cityA,hand,5.0,count_only,T2,100,144,4.613,223.917,3272.611,-47.681,-65.369,-32.388,-694.319,-956.336,-469.389,-17.503,54.167
cityA,hand,5.0,severity_weighted,T2,100,144,4.581,223.896,3272.354,-47.701,-65.314,-32.422,-694.576,-957.074,-468.882,-17.509,53.472
cityA,hand,5.0,random_alternative,T2,100,144,5.414,289.727,4227.149,18.13,3.57,32.249,260.219,46.695,466.805,6.56,61.806
cityA,hand,5.0,shortest,T1,50,144,0.0,226.812,3241.188,0.0,0.0,0.0,0.0,0.0,0.0,0.0,0.0
cityA,hand,5.0,count_only,T1,50,144,4.613,176.868,2519.604,-49.944,-76.899,-26.868,-721.583,-1115.553,-385.903,-22.263,54.167
cityA,hand,5.0,severity_weighted,T1,50,144,4.581,176.618,2515.0,-50.194,-77.334,-27.115,-726.188,-1118.899,-390.325,-22.405,53.472
cityA,hand,5.0,random_alternative,T1,50,144,5.414,239.556,3430.528,12.743,-4.573,29.141,189.34,-61.291,430.361,5.842,61.806
cityA,hand,5.0,shortest,T1,100,144,0.0,497.062,7090.875,0.0,0.0,0.0,0.0,0.0,0.0,0.0,0.0
cityA,hand,5.0,count_only,T1,100,144,4.613,410.444,5824.576,-86.618,-119.101,-58.865,-1266.299,-1745.349,-858.248,-17.858,54.167
cityA,hand,5.0,severity_weighted,T1,100,144,4.581,410.5,5824.076,-86.562,-119.047,-58.856,-1266.799,-1745.81,-858.817,-17.865,53.472
cityA,hand,5.0,random_alternative,T1,100,144,5.414,529.78,7546.763,32.718,4.872,59.835,455.888,49.068,844.098,6.429,61.806
cityB,hand,0.2,shortest,T2,50,142,0.0,48.965,698.944,0.0,0.0,0.0,0.0,0.0,0.0,0.0,0.0
cityB,hand,0.2,count_only,T2,50,142,1.074,39.275,557.915,-9.69,-15.311,-5.19,-141.028,-222.907,-75.314,-20.177,23.239
cityB,hand,0.2,severity_weighted,T2,50,142,1.23,37.915,538.275,-11.049,-16.755,-6.324,-160.669,-244.881,-90.584,-22.987,26.056
cityB,hand,0.2,random_alternative,T2,50,142,5.934,49.033,698.298,0.068,-4.095,3.64,-0.646,-63.566,52.451,-0.092,61.15
cityB,hand,0.2,shortest,T2,100,142,0.0,94.063,1340.768,0.0,0.0,0.0,0.0,0.0,0.0,0.0,0.0
cityB,hand,0.2,count_only,T2,100,142,1.074,77.599,1098.401,-16.465,-23.571,-9.556,-242.366,-346.989,-141.566,-18.077,23.239
cityB,hand,0.2,severity_weighted,T2,100,142,1.23,76.655,1084.894,-17.408,-24.559,-10.803,-255.873,-361.718,-159.104,-19.084,26.056
cityB,hand,0.2,random_alternative,T2,100,142,5.934,97.325,1384.393,3.262,-2.002,8.168,43.626,-33.414,115.305,3.254,61.15
cityB,hand,0.2,shortest,T1,50,142,0.0,95.232,1338.415,0.0,0.0,0.0,0.0,0.0,0.0,0.0,0.0
cityB,hand,0.2,count_only,T1,50,142,1.074,76.563,1076.275,-18.669,-29.271,-9.979,-262.141,-416.202,-136.563,-19.586,23.239
cityB,hand,0.2,severity_weighted,T1,50,142,1.23,74.458,1045.915,-20.775,-31.624,-11.922,-292.5,-447.933,-164.709,-21.854,26.056
cityB,hand,0.2,random_alternative,T1,50,142,5.934,95.346,1343.492,0.114,-7.981,6.765,5.076,-114.517,103.598,0.379,61.15
cityB,hand,0.2,shortest,T1,100,142,0.0,184.634,2615.31,0.0,0.0,0.0,0.0,0.0,0.0,0.0,0.0
cityB,hand,0.2,count_only,T1,100,142,1.074,152.063,2146.296,-32.57,-46.299,-19.709,-469.014,-671.342,-284.543,-17.933,23.239
cityB,hand,0.2,severity_weighted,T1,100,142,1.23,150.662,2122.606,-33.972,-47.894,-21.19,-492.704,-693.476,-309.36,-18.839,26.056
cityB,hand,0.2,random_alternative,T1,100,142,5.934,191.198,2705.457,6.565,-3.881,16.43,90.147,-60.253,229.088,3.447,61.15
cityB,hand,1.0,shortest,T2,50,142,0.0,48.965,698.944,0.0,0.0,0.0,0.0,0.0,0.0,0.0,0.0
cityB,hand,1.0,count_only,T2,50,142,2.841,35.289,501.521,-13.676,-19.683,-8.556,-197.423,-284.171,-122.224,-28.246,44.366
cityB,hand,1.0,severity_weighted,T2,50,142,2.987,35.07,498.303,-13.894,-19.832,-8.781,-200.641,-287.564,-124.11,-28.706,47.183
cityB,hand,1.0,random_alternative,T2,50,142,5.934,49.033,698.298,0.068,-4.095,3.64,-0.646,-63.566,52.451,-0.092,61.15
cityB,hand,1.0,shortest,T2,100,142,0.0,94.063,1340.768,0.0,0.0,0.0,0.0,0.0,0.0,0.0,0.0
cityB,hand,1.0,count_only,T2,100,142,2.841,73.725,1042.31,-20.338,-27.648,-13.669,-298.458,-407.038,-202.024,-22.26,44.366
cityB,hand,1.0,severity_weighted,T2,100,142,2.987,73.028,1032.493,-21.035,-28.247,-14.535,-308.275,-414.725,-212.86,-22.992,47.183
cityB,hand,1.0,random_alternative,T2,100,142,5.934,97.325,1384.393,3.262,-2.002,8.168,43.626,-33.414,115.305,3.254,61.15
cityB,hand,1.0,shortest,T1,50,142,0.0,95.232,1338.415,0.0,0.0,0.0,0.0,0.0,0.0,0.0,0.0
cityB,hand,1.0,count_only,T1,50,142,2.841,67.613,949.81,-27.62,-38.944,-17.92,-388.606,-555.989,-249.851,-29.035,44.366
cityB,hand,1.0,severity_weighted,T1,50,142,2.987,67.218,943.697,-28.014,-39.352,-18.337,-394.718,-560.254,-255.683,-29.491,47.183
cityB,hand,1.0,random_alternative,T1,50,142,5.934,95.346,1343.492,0.114,-7.981,6.765,5.076,-114.517,103.598,0.379,61.15
cityB,hand,1.0,shortest,T1,100,142,0.0,184.634,2615.31,0.0,0.0,0.0,0.0,0.0,0.0,0.0,0.0
cityB,hand,1.0,count_only,T1,100,142,2.841,142.07,2001.042,-42.563,-56.698,-30.478,-614.268,-817.034,-437.626,-23.487,44.366
cityB,hand,1.0,severity_weighted,T1,100,142,2.987,141.746,1994.324,-42.887,-57.007,-30.69,-620.986,-824.819,-445.25,-23.744,47.183
cityB,hand,1.0,random_alternative,T1,100,142,5.934,191.198,2705.457,6.565,-3.881,16.43,90.147,-60.253,229.088,3.447,61.15
cityB,hand,5.0,shortest,T2,50,142,0.0,48.965,698.944,0.0,0.0,0.0,0.0,0.0,0.0,0.0,0.0
cityB,hand,5.0,count_only,T2,50,142,4.033,35.232,500.873,-13.732,-19.627,-8.585,-198.07,-283.508,-122.773,-28.339,54.93
cityB,hand,5.0,severity_weighted,T2,50,142,4.017,34.965,496.507,-14.0,-19.958,-8.78,-202.437,-289.155,-126.457,-28.963,54.93
cityB,hand,5.0,random_alternative,T2,50,142,5.934,49.033,698.298,0.068,-4.095,3.64,-0.646,-63.566,52.451,-0.092,61.15
cityB,hand,5.0,shortest,T2,100,142,0.0,94.063,1340.768,0.0,0.0,0.0,0.0,0.0,0.0,0.0,0.0
cityB,hand,5.0,count_only,T2,100,142,4.033,72.746,1029.099,-21.317,-28.332,-14.922,-311.669,-416.627,-217.346,-23.246,54.93
cityB,hand,5.0,severity_weighted,T2,100,142,4.017,72.5,1025.12,-21.563,-28.669,-15.147,-315.648,-420.658,-221.284,-23.542,54.93
cityB,hand,5.0,random_alternative,T2,100,142,5.934,97.325,1384.393,3.262,-2.002,8.168,43.626,-33.414,115.305,3.254,61.15
cityB,hand,5.0,shortest,T1,50,142,0.0,95.232,1338.415,0.0,0.0,0.0,0.0,0.0,0.0,0.0,0.0
cityB,hand,5.0,count_only,T1,50,142,4.033,67.303,944.739,-27.93,-39.452,-18.035,-393.676,-560.853,-253.055,-29.414,54.93
cityB,hand,5.0,severity_weighted,T1,50,142,4.017,67.077,940.852,-28.155,-39.643,-18.365,-397.563,-563.249,-256.16,-29.704,54.93
cityB,hand,5.0,random_alternative,T1,50,142,5.934,95.346,1343.492,0.114,-7.981,6.765,5.076,-114.517,103.598,0.379,61.15
cityB,hand,5.0,shortest,T1,100,142,0.0,184.634,2615.31,0.0,0.0,0.0,0.0,0.0,0.0,0.0,0.0
cityB,hand,5.0,count_only,T1,100,142,4.033,140.437,1973.972,-44.197,-58.093,-32.28,-641.338,-843.475,-463.746,-24.522,54.93
cityB,hand,5.0,severity_weighted,T1,100,142,4.017,140.451,1973.254,-44.183,-58.086,-32.272,-642.056,-843.576,-464.974,-24.55,54.93
cityB,hand,5.0,random_alternative,T1,100,142,5.934,191.198,2705.457,6.565,-3.881,16.43,90.147,-60.253,229.088,3.447,61.15
cityC,hand,0.2,shortest,T2,50,150,0.0,111.907,1808.213,0.0,0.0,0.0,0.0,0.0,0.0,0.0,0.0
cityC,hand,0.2,count_only,T2,50,150,1.749,87.347,1404.053,-24.56,-35.92,-14.006,-404.16,-595.674,-227.611,-22.351,37.333
cityC,hand,0.2,severity_weighted,T2,50,150,1.811,87.453,1404.94,-24.453,-35.874,-13.927,-403.273,-593.614,-227.652,-22.302,38.0
cityC,hand,0.2,random_alternative,T2,50,150,4.655,115.296,1861.244,3.389,-5.285,12.462,53.031,-91.315,203.316,2.933,61.111
cityC,hand,0.2,shortest,T2,100,150,0.0,234.393,3774.26,0.0,0.0,0.0,0.0,0.0,0.0,0.0,0.0
cityC,hand,0.2,count_only,T2,100,150,1.749,191.76,3068.547,-42.633,-61.076,-26.519,-705.713,-1014.973,-432.988,-18.698,37.333
cityC,hand,0.2,severity_weighted,T2,100,150,1.811,191.427,3062.527,-42.967,-61.428,-26.706,-711.733,-1022.406,-437.648,-18.858,38.0
cityC,hand,0.2,random_alternative,T2,100,150,4.655,245.958,3955.629,11.564,-1.888,25.047,181.369,-41.291,406.237,4.805,61.111
cityC,hand,0.2,shortest,T1,50,150,0.0,224.787,3529.833,0.0,0.0,0.0,0.0,0.0,0.0,0.0,0.0
cityC,hand,0.2,count_only,T1,50,150,1.749,176.4,2753.993,-48.387,-70.863,-27.726,-775.84,-1143.12,-440.592,-21.98,37.333
cityC,hand,0.2,severity_weighted,T1,50,150,1.811,176.607,2755.487,-48.18,-70.356,-27.52,-774.347,-1136.434,-436.948,-21.937,38.0
cityC,hand,0.2,random_alternative,T1,50,150,4.655,230.293,3615.389,5.507,-11.551,22.626,85.556,-190.17,365.563,2.424,61.111
cityC,hand,0.2,shortest,T1,100,150,0.0,478.52,7509.113,0.0,0.0,0.0,0.0,0.0,0.0,0.0,0.0
cityC,hand,0.2,count_only,T1,100,150,1.749,388.12,6058.1,-90.4,-126.186,-58.05,-1451.013,-2031.096,-916.564,-19.323,37.333
cityC,hand,0.2,severity_weighted,T1,100,150,1.811,387.833,6051.953,-90.687,-126.474,-58.293,-1457.16,-2038.594,-925.358,-19.405,38.0
cityC,hand,0.2,random_alternative,T1,100,150,4.655,499.969,7847.774,21.449,-4.812,48.359,338.661,-89.32,770.31,4.51,61.111
cityC,hand,1.0,shortest,T2,50,150,0.0,111.907,1808.213,0.0,0.0,0.0,0.0,0.0,0.0,0.0,0.0
cityC,hand,1.0,count_only,T2,50,150,2.826,85.52,1373.953,-26.387,-37.829,-15.778,-434.26,-628.72,-257.821,-24.016,48.667
cityC,hand,1.0,severity_weighted,T2,50,150,2.843,85.54,1374.773,-26.367,-37.828,-15.777,-433.44,-626.928,-257.522,-23.971,49.333
cityC,hand,1.0,random_alternative,T2,50,150,4.655,115.296,1861.244,3.389,-5.285,12.462,53.031,-91.315,203.316,2.933,61.111
cityC,hand,1.0,shortest,T2,100,150,0.0,234.393,3774.26,0.0,0.0,0.0,0.0,0.0,0.0,0.0,0.0
cityC,hand,1.0,count_only,T2,100,150,2.826,189.707,3035.173,-44.687,-62.948,-28.442,-739.087,-1046.289,-462.619,-19.582,48.667
cityC,hand,1.0,severity_weighted,T2,100,150,2.843,189.873,3037.607,-44.52,-62.775,-28.044,-736.653,-1042.274,-459.812,-19.518,49.333
cityC,hand,1.0,random_alternative,T2,100,150,4.655,245.958,3955.629,11.564,-1.888,25.047,181.369,-41.291,406.237,4.805,61.111
cityC,hand,1.0,shortest,T1,50,150,0.0,224.787,3529.833,0.0,0.0,0.0,0.0,0.0,0.0,0.0,0.0
cityC,hand,1.0,count_only,T1,50,150,2.826,172.9,2699.967,-51.887,-74.34,-31.578,-829.867,-1200.426,-492.479,-23.51,48.667
cityC,hand,1.0,severity_weighted,T1,50,150,2.843,173.12,2702.3,-51.667,-74.081,-31.193,-827.533,-1196.494,-490.347,-23.444,49.333
cityC,hand,1.0,random_alternative,T1,50,150,4.655,230.293,3615.389,5.507,-11.551,22.626,85.556,-190.17,365.563,2.424,61.111
cityC,hand,1.0,shortest,T1,100,150,0.0,478.52,7509.113,0.0,0.0,0.0,0.0,0.0,0.0,0.0,0.0
cityC,hand,1.0,count_only,T1,100,150,2.826,382.947,5977.8,-95.573,-131.091,-62.733,-1531.313,-2111.794,-994.697,-20.393,48.667
cityC,hand,1.0,severity_weighted,T1,100,150,2.843,382.92,5975.613,-95.6,-131.118,-62.785,-1533.5,-2111.794,-999.906,-20.422,49.333
cityC,hand,1.0,random_alternative,T1,100,150,4.655,499.969,7847.774,21.449,-4.812,48.359,338.661,-89.32,770.31,4.51,61.111
cityC,hand,5.0,shortest,T2,50,150,0.0,111.907,1808.213,0.0,0.0,0.0,0.0,0.0,0.0,0.0,0.0
cityC,hand,5.0,count_only,T2,50,150,3.261,86.04,1382.327,-25.867,-37.434,-15.013,-425.887,-620.36,-244.887,-23.553,52.667
cityC,hand,5.0,severity_weighted,T2,50,150,3.325,85.987,1381.32,-25.92,-37.46,-15.04,-426.893,-619.408,-245.648,-23.609,52.667
cityC,hand,5.0,random_alternative,T2,50,150,4.655,115.296,1861.244,3.389,-5.285,12.462,53.031,-91.315,203.316,2.933,61.111
cityC,hand,5.0,shortest,T2,100,150,0.0,234.393,3774.26,0.0,0.0,0.0,0.0,0.0,0.0,0.0,0.0
cityC,hand,5.0,count_only,T2,100,150,3.261,189.753,3035.213,-44.64,-62.827,-28.158,-739.047,-1046.365,-460.516,-19.581,52.667
cityC,hand,5.0,severity_weighted,T2,100,150,3.325,189.747,3035.173,-44.647,-62.894,-28.1,-739.087,-1046.294,-460.45,-19.582,52.667
cityC,hand,5.0,random_alternative,T2,100,150,4.655,245.958,3955.629,11.564,-1.888,25.047,181.369,-41.291,406.237,4.805,61.111
cityC,hand,5.0,shortest,T1,50,150,0.0,224.787,3529.833,0.0,0.0,0.0,0.0,0.0,0.0,0.0,0.0
cityC,hand,5.0,count_only,T1,50,150,3.261,174.287,2719.947,-50.5,-73.302,-29.925,-809.887,-1182.105,-473.052,-22.944,52.667
cityC,hand,5.0,severity_weighted,T1,50,150,3.325,174.127,2716.96,-50.66,-73.284,-30.082,-812.873,-1187.59,-475.851,-23.029,52.667
cityC,hand,5.0,random_alternative,T1,50,150,4.655,230.293,3615.389,5.507,-11.551,22.626,85.556,-190.17,365.563,2.424,61.111
cityC,hand,5.0,shortest,T1,100,150,0.0,478.52,7509.113,0.0,0.0,0.0,0.0,0.0,0.0,0.0,0.0
cityC,hand,5.0,count_only,T1,100,150,3.261,382.513,5969.82,-96.007,-131.488,-63.33,-1539.293,-2119.949,-1006.08,-20.499,52.667
cityC,hand,5.0,severity_weighted,T1,100,150,3.325,382.5,5968.96,-96.02,-131.475,-63.383,-1540.153,-2119.99,-1006.486,-20.51,52.667
cityC,hand,5.0,random_alternative,T1,100,150,4.655,499.969,7847.774,21.449,-4.812,48.359,338.661,-89.32,770.31,4.51,61.111
cityD,hand,0.2,shortest,T2,50,132,0.0,67.273,924.652,0.0,0.0,0.0,0.0,0.0,0.0,0.0,0.0
cityD,hand,0.2,count_only,T2,50,132,1.091,51.864,711.273,-15.409,-24.357,-8.212,-213.379,-335.57,-113.823,-23.077,22.727
cityD,hand,0.2,severity_weighted,T2,50,132,1.315,51.606,705.326,-15.667,-24.501,-8.333,-219.326,-340.979,-118.11,-23.72,25.758
cityD,hand,0.2,random_alternative,T2,50,132,6.708,67.295,930.441,0.023,-5.726,5.389,5.789,-72.089,77.889,0.626,60.985
cityD,hand,0.2,shortest,T2,100,132,0.0,137.023,1898.023,0.0,0.0,0.0,0.0,0.0,0.0,0.0,0.0
cityD,hand,0.2,count_only,T2,100,132,1.091,104.212,1446.356,-32.811,-49.223,-18.385,-451.667,-680.039,-252.914,-23.797,22.727
cityD,hand,0.2,severity_weighted,T2,100,132,1.315,103.235,1427.955,-33.788,-50.456,-19.211,-470.068,-698.476,-270.174,-24.766,25.758
cityD,hand,0.2,random_alternative,T2,100,132,6.708,136.364,1897.255,-0.659,-10.53,8.103,-0.768,-136.901,117.91,-0.04,60.985
cityD,hand,0.2,shortest,T1,50,132,0.0,134.417,1815.758,0.0,0.0,0.0,0.0,0.0,0.0,0.0,0.0
cityD,hand,0.2,count_only,T1,50,132,1.091,103.803,1388.568,-30.614,-48.077,-16.747,-427.189,-667.735,-231.492,-23.527,22.727
cityD,hand,0.2,severity_weighted,T1,50,132,1.315,103.561,1379.848,-30.856,-48.04,-17.075,-435.909,-675.794,-240.226,-24.007,25.758
cityD,hand,0.2,random_alternative,T1,50,132,6.708,136.063,1847.677,1.646,-9.652,11.979,31.919,-126.076,177.358,1.758,60.985
cityD,hand,0.2,shortest,T1,100,132,0.0,276.068,3755.212,0.0,0.0,0.0,0.0,0.0,0.0,0.0,0.0
cityD,hand,0.2,count_only,T1,100,132,1.091,211.212,2848.947,-64.856,-96.309,-36.805,-906.265,-1353.043,-514.32,-24.134,22.727
cityD,hand,0.2,severity_weighted,T1,100,132,1.315,209.379,2813.803,-66.689,-98.6,-38.454,-941.409,-1386.047,-542.973,-25.069,25.758
cityD,hand,0.2,random_alternative,T1,100,132,6.708,275.6,3755.645,-0.468,-19.287,16.67,0.433,-262.053,240.264,0.012,60.985
cityD,hand,1.0,shortest,T2,50,132,0.0,67.273,924.652,0.0,0.0,0.0,0.0,0.0,0.0,0.0,0.0
cityD,hand,1.0,count_only,T2,50,132,2.927,49.667,680.568,-17.606,-26.417,-10.166,-244.083,-365.037,-141.083,-26.397,41.667
cityD,hand,1.0,severity_weighted,T2,50,132,2.921,49.659,680.144,-17.614,-26.417,-10.166,-244.508,-365.037,-141.507,-26.443,40.909
cityD,hand,1.0,random_alternative,T2,50,132,6.708,67.295,930.441,0.023,-5.726,5.389,5.789,-72.089,77.889,0.626,60.985
cityD,hand,1.0,shortest,T2,100,132,0.0,137.023,1898.023,0.0,0.0,0.0,0.0,0.0,0.0,0.0,0.0
cityD,hand,1.0,count_only,T2,100,132,2.927,100.682,1396.841,-36.341,-53.025,-21.954,-501.182,-732.147,-299.946,-26.405,41.667
cityD,hand,1.0,severity_weighted,T2,100,132,2.921,100.758,1397.841,-36.265,-53.024,-21.823,-500.182,-731.73,-298.546,-26.353,40.909
cityD,hand,1.0,random_alternative,T2,100,132,6.708,136.364,1897.255,-0.659,-10.53,8.103,-0.768,-136.901,117.91,-0.04,60.985
cityD,hand,1.0,shortest,T1,50,132,0.0,134.417,1815.758,0.0,0.0,0.0,0.0,0.0,0.0,0.0,0.0
cityD,hand,1.0,count_only,T1,50,132,2.927,97.955,1307.864,-36.462,-53.76,-21.916,-507.894,-748.743,-309.567,-27.971,41.667
cityD,hand,1.0,severity_weighted,T1,50,132,2.921,97.826,1306.053,-36.591,-53.887,-22.186,-509.705,-750.629,-310.318,-28.071,40.909
cityD,hand,1.0,random_alternative,T1,50,132,6.708,136.063,1847.677,1.646,-9.652,11.979,31.919,-126.076,177.358,1.758,60.985
cityD,hand,1.0,shortest,T1,100,132,0.0,276.068,3755.212,0.0,0.0,0.0,0.0,0.0,0.0,0.0,0.0
cityD,hand,1.0,count_only,T1,100,132,2.927,201.659,2720.606,-74.409,-105.783,-46.47,-1034.606,-1472.648,-638.767,-27.551,41.667
cityD,hand,1.0,severity_weighted,T1,100,132,2.921,201.667,2720.083,-74.402,-105.782,-46.469,-1035.129,-1473.668,-639.303,-27.565,40.909
cityD,hand,1.0,random_alternative,T1,100,132,6.708,275.6,3755.645,-0.468,-19.287,16.67,0.433,-262.053,240.264,0.012,60.985
cityD,hand,5.0,shortest,T2,50,132,0.0,67.273,924.652,0.0,0.0,0.0,0.0,0.0,0.0,0.0,0.0
cityD,hand,5.0,count_only,T2,50,132,4.496,48.902,670.553,-18.371,-27.099,-10.878,-254.098,-374.156,-149.822,-27.48,52.273
cityD,hand,5.0,severity_weighted,T2,50,132,4.296,48.288,663.697,-18.985,-27.674,-11.477,-260.955,-380.739,-157.071,-28.222,50.758
cityD,hand,5.0,random_alternative,T2,50,132,6.708,67.295,930.441,0.023,-5.726,5.389,5.789,-72.089,77.889,0.626,60.985
cityD,hand,5.0,shortest,T2,100,132,0.0,137.023,1898.023,0.0,0.0,0.0,0.0,0.0,0.0,0.0,0.0
cityD,hand,5.0,count_only,T2,100,132,4.496,100.182,1389.841,-36.841,-53.434,-22.28,-508.182,-735.822,-305.912,-26.774,52.273
cityD,hand,5.0,severity_weighted,T2,100,132,4.296,100.083,1390.083,-36.939,-53.417,-22.477,-507.939,-736.097,-304.213,-26.762,50.758
cityD,hand,5.0,random_alternative,T2,100,132,6.708,136.364,1897.255,-0.659,-10.53,8.103,-0.768,-136.901,117.91,-0.04,60.985
cityD,hand,5.0,shortest,T1,50,132,0.0,134.417,1815.758,0.0,0.0,0.0,0.0,0.0,0.0,0.0,0.0
cityD,hand,5.0,count_only,T1,50,132,4.496,96.303,1288.833,-38.114,-55.175,-23.507,-526.924,-765.801,-321.451,-29.02,52.273
cityD,hand,5.0,severity_weighted,T1,50,132,4.296,95.962,1279.114,-38.455,-55.864,-24.015,-536.644,-775.505,-333.956,-29.555,50.758
cityD,hand,5.0,random_alternative,T1,50,132,6.708,136.063,1847.677,1.646,-9.652,11.979,31.919,-126.076,177.358,1.758,60.985
cityD,hand,5.0,shortest,T1,100,132,0.0,276.068,3755.212,0.0,0.0,0.0,0.0,0.0,0.0,0.0,0.0
cityD,hand,5.0,count_only,T1,100,132,4.496,200.091,2702.614,-75.977,-107.222,-48.142,-1052.598,-1491.12,-659.403,-28.03,52.273
cityD,hand,5.0,severity_weighted,T1,100,132,4.296,200.311,2700.977,-75.758,-107.047,-47.848,-1054.235,-1491.846,-662.399,-28.074,50.758
cityD,hand,5.0,random_alternative,T1,100,132,6.708,275.6,3755.645,-0.468,-19.287,16.67,0.433,-262.053,240.264,0.012,60.985
cityA,ons,0.2,shortest,T2,50,144,0.0,123.049,961.743,0.0,0.0,0.0,0.0,0.0,0.0,0.0,0.0
cityA,ons,0.2,count_only,T2,50,144,1.142,101.729,792.139,-21.319,-36.084,-9.208,-169.604,-283.316,-73.894,-17.635,24.306
cityA,ons,0.2,severity_weighted,T2,50,144,0.992,101.965,796.667,-21.083,-35.702,-9.264,-165.076,-277.384,-73.329,-17.164,21.528
cityA,ons,0.2,random_alternative,T2,50,144,5.414,131.056,1022.866,8.007,-1.345,16.925,61.123,-10.018,129.488,6.355,61.806
cityA,ons,0.2,shortest,T2,100,144,0.0,271.597,2094.194,0.0,0.0,0.0,0.0,0.0,0.0,0.0,0.0
cityA,ons,0.2,count_only,T2,100,144,1.142,236.59,1820.569,-35.007,-52.764,-20.236,-273.625,-412.856,-157.968,-13.066,24.306
cityA,ons,0.2,severity_weighted,T2,100,144,0.992,238.354,1835.812,-33.243,-51.258,-18.458,-258.382,-395.953,-143.017,-12.338,21.528
cityA,ons,0.2,random_alternative,T2,100,144,5.414,289.727,2226.071,18.13,3.57,32.249,131.876,20.066,239.222,6.297,61.806
cityA,ons,0.2,shortest,T1,50,144,0.0,226.812,1629.944,0.0,0.0,0.0,0.0,0.0,0.0,0.0,0.0
cityA,ons,0.2,count_only,T1,50,144,1.142,186.292,1329.521,-40.521,-66.73,-18.248,-300.424,-499.056,-132.747,-18.432,24.306
cityA,ons,0.2,severity_weighted,T1,50,144,0.992,187.361,1335.097,-39.451,-65.481,-18.169,-294.847,-490.764,-135.036,-18.089,21.528
cityA,ons,0.2,random_alternative,T1,50,144,5.414,239.556,1729.654,12.743,-4.573,29.141,99.709,-29.009,222.577,6.117,61.806
cityA,ons,0.2,shortest,T1,100,144,0.0,497.062,3554.493,0.0,0.0,0.0,0.0,0.0,0.0,0.0,0.0
cityA,ons,0.2,count_only,T1,100,144,1.142,432.354,3063.639,-64.708,-97.299,-37.333,-490.854,-739.47,-285.347,-13.809,24.306
cityA,ons,0.2,severity_weighted,T1,100,144,0.992,435.868,3085.208,-61.194,-93.418,-33.837,-469.285,-716.32,-263.597,-13.203,21.528
cityA,ons,0.2,random_alternative,T1,100,144,5.414,529.78,3775.626,32.718,4.872,59.835,221.133,19.129,416.084,6.221,61.806
cityA,ons,1.0,shortest,T2,50,144,0.0,123.049,961.743,0.0,0.0,0.0,0.0,0.0,0.0,0.0,0.0
cityA,ons,1.0,count_only,T2,50,144,3.264,97.944,767.778,-25.104,-40.268,-12.471,-193.965,-309.857,-95.257,-20.168,43.75
cityA,ons,1.0,severity_weighted,T2,50,144,3.223,97.146,764.042,-25.903,-40.757,-13.298,-197.701,-314.666,-100.067,-20.557,42.361
cityA,ons,1.0,random_alternative,T2,50,144,5.414,131.056,1022.866,8.007,-1.345,16.925,61.123,-10.018,129.488,6.355,61.806
cityA,ons,1.0,shortest,T2,100,144,0.0,271.597,2094.194,0.0,0.0,0.0,0.0,0.0,0.0,0.0,0.0
cityA,ons,1.0,count_only,T2,100,144,3.264,225.722,1748.472,-45.875,-63.522,-30.519,-345.722,-485.097,-227.399,-16.509,43.75
cityA,ons,1.0,severity_weighted,T2,100,144,3.223,226.34,1754.854,-45.257,-62.981,-29.714,-339.34,-479.376,-218.55,-16.204,42.361
cityA,ons,1.0,random_alternative,T2,100,144,5.414,289.727,2226.071,18.13,3.57,32.249,131.876,20.066,239.222,6.297,61.806
cityA,ons,1.0,shortest,T1,50,144,0.0,226.812,1629.944,0.0,0.0,0.0,0.0,0.0,0.0,0.0,0.0
cityA,ons,1.0,count_only,T1,50,144,3.264,178.583,1275.847,-48.229,-75.178,-25.756,-354.097,-555.203,-183.715,-21.724,43.75
cityA,ons,1.0,severity_weighted,T1,50,144,3.223,177.819,1269.25,-48.993,-75.769,-26.436,-360.694,-559.688,-194.913,-22.129,42.361
cityA,ons,1.0,random_alternative,T1,50,144,5.414,239.556,1729.654,12.743,-4.573,29.141,99.709,-29.009,222.577,6.117,61.806
cityA,ons,1.0,shortest,T1,100,144,0.0,497.062,3554.493,0.0,0.0,0.0,0.0,0.0,0.0,0.0,0.0
cityA,ons,1.0,count_only,T1,100,144,3.264,412.979,2930.174,-84.083,-116.916,-56.137,-624.319,-872.285,-410.172,-17.564,43.75
cityA,ons,1.0,severity_weighted,T1,100,144,3.223,414.236,2930.965,-82.826,-116.095,-54.975,-623.528,-872.08,-409.593,-17.542,42.361
cityA,ons,1.0,random_alternative,T1,100,144,5.414,529.78,3775.626,32.718,4.872,59.835,221.133,19.129,416.084,6.221,61.806
cityA,ons,5.0,shortest,T2,50,144,0.0,123.049,961.743,0.0,0.0,0.0,0.0,0.0,0.0,0.0,0.0
cityA,ons,5.0,count_only,T2,50,144,4.382,97.354,761.368,-25.694,-40.952,-12.854,-200.375,-316.323,-100.465,-20.835,52.778
cityA,ons,5.0,severity_weighted,T2,50,144,4.315,96.347,754.361,-26.701,-41.723,-13.909,-207.382,-321.252,-109.606,-21.563,50.694
cityA,ons,5.0,random_alternative,T2,50,144,5.414,131.056,1022.866,8.007,-1.345,16.925,61.123,-10.018,129.488,6.355,61.806
cityA,ons,5.0,shortest,T2,100,144,0.0,271.597,2094.194,0.0,0.0,0.0,0.0,0.0,0.0,0.0,0.0
cityA,ons,5.0,count_only,T2,100,144,4.382,224.347,1736.5,-47.25,-65.085,-31.95,-357.694,-496.242,-238.999,-17.08,52.778
cityA,ons,5.0,severity_weighted,T2,100,144,4.315,224.125,1733.931,-47.472,-64.985,-32.125,-360.264,-498.42,-241.719,-17.203,50.694
cityA,ons,5.0,random_alternative,T2,100,144,5.414,289.727,2226.071,18.13,3.57,32.249,131.876,20.066,239.222,6.297,61.806
cityA,ons,5.0,shortest,T1,50,144,0.0,226.812,1629.944,0.0,0.0,0.0,0.0,0.0,0.0,0.0,0.0
cityA,ons,5.0,count_only,T1,50,144,4.382,177.208,1271.66,-49.604,-76.457,-26.528,-358.285,-559.225,-187.905,-21.981,52.778
cityA,ons,5.0,severity_weighted,T1,50,144,4.315,176.319,1259.528,-50.493,-77.121,-27.784,-370.417,-571.361,-202.202,-22.726,50.694
cityA,ons,5.0,random_alternative,T1,50,144,5.414,239.556,1729.654,12.743,-4.573,29.141,99.709,-29.009,222.577,6.117,61.806
cityA,ons,5.0,shortest,T1,100,144,0.0,497.062,3554.493,0.0,0.0,0.0,0.0,0.0,0.0,0.0,0.0
cityA,ons,5.0,count_only,T1,100,144,4.382,410.542,2918.194,-86.521,-119.099,-58.776,-636.299,-884.875,-425.286,-17.901,52.778
cityA,ons,5.0,severity_weighted,T1,100,144,4.315,411.556,2913.299,-85.507,-118.101,-57.9,-641.194,-886.218,-430.668,-18.039,50.694
cityA,ons,5.0,random_alternative,T1,100,144,5.414,529.78,3775.626,32.718,4.872,59.835,221.133,19.129,416.084,6.221,61.806
cityB,ons,0.2,shortest,T2,50,142,0.0,48.965,344.627,0.0,0.0,0.0,0.0,0.0,0.0,0.0,0.0
cityB,ons,0.2,count_only,T2,50,142,0.606,40.972,284.563,-7.993,-13.515,-3.605,-60.063,-98.822,-28.006,-17.429,15.493
cityB,ons,0.2,severity_weighted,T2,50,142,0.553,40.951,284.627,-8.014,-13.487,-3.669,-60.0,-98.761,-28.382,-17.41,15.493
cityB,ons,0.2,random_alternative,T2,50,142,5.934,49.033,343.57,0.068,-4.095,3.64,-1.056,-32.546,26.846,-0.307,61.15
cityB,ons,0.2,shortest,T2,100,142,0.0,94.063,663.585,0.0,0.0,0.0,0.0,0.0,0.0,0.0,0.0
cityB,ons,0.2,count_only,T2,100,142,0.606,81.613,568.852,-12.451,-19.015,-6.387,-94.732,-145.459,-48.978,-14.276,15.493
cityB,ons,0.2,severity_weighted,T2,100,142,0.553,81.88,569.796,-12.183,-18.669,-6.344,-93.789,-144.724,-49.473,-14.134,15.493
cityB,ons,0.2,random_alternative,T2,100,142,5.934,97.325,683.074,3.262,-2.002,8.168,19.489,-20.325,56.324,2.937,61.15
cityB,ons,0.2,shortest,T1,50,142,0.0,95.232,649.38,0.0,0.0,0.0,0.0,0.0,0.0,0.0,0.0
cityB,ons,0.2,count_only,T1,50,142,0.606,80.014,544.599,-15.218,-25.967,-6.627,-104.782,-182.81,-45.816,-16.136,15.493
cityB,ons,0.2,severity_weighted,T1,50,142,0.553,80.085,543.944,-15.148,-26.043,-6.789,-105.437,-183.023,-46.481,-16.236,15.493
cityB,ons,0.2,random_alternative,T1,50,142,5.934,95.346,651.259,0.114,-7.981,6.765,1.879,-57.717,50.705,0.289,61.15
cityB,ons,0.2,shortest,T1,100,142,0.0,184.634,1285.725,0.0,0.0,0.0,0.0,0.0,0.0,0.0,0.0
cityB,ons,0.2,count_only,T1,100,142,0.606,159.549,1104.845,-25.085,-37.622,-13.753,-180.88,-275.465,-96.352,-14.068,15.493
cityB,ons,0.2,severity_weighted,T1,100,142,0.553,160.627,1109.859,-24.007,-36.409,-12.731,-175.866,-268.918,-92.705,-13.678,15.493
cityB,ons,0.2,random_alternative,T1,100,142,5.934,191.198,1324.81,6.565,-3.881,16.43,39.085,-37.983,109.07,3.04,61.15
cityB,ons,1.0,shortest,T2,50,142,0.0,48.965,344.627,0.0,0.0,0.0,0.0,0.0,0.0,0.0,0.0
cityB,ons,1.0,count_only,T2,50,142,2.711,35.155,245.218,-13.81,-19.831,-8.753,-99.408,-143.254,-61.062,-28.845,42.958
cityB,ons,1.0,severity_weighted,T2,50,142,2.298,35.31,244.204,-13.655,-19.486,-8.626,-100.423,-144.385,-61.929,-29.14,39.437
cityB,ons,1.0,random_alternative,T2,50,142,5.934,49.033,343.57,0.068,-4.095,3.64,-1.056,-32.546,26.846,-0.307,61.15
cityB,ons,1.0,shortest,T2,100,142,0.0,94.063,663.585,0.0,0.0,0.0,0.0,0.0,0.0,0.0,0.0
cityB,ons,1.0,count_only,T2,100,142,2.711,73.761,510.979,-20.303,-27.599,-13.654,-152.606,-208.085,-103.025,-22.997,42.958
cityB,ons,1.0,severity_weighted,T2,100,142,2.298,74.028,511.944,-20.035,-27.135,-13.443,-151.641,-207.398,-101.912,-22.852,39.437
cityB,ons,1.0,random_alternative,T2,100,142,5.934,97.325,683.074,3.262,-2.002,8.168,19.489,-20.325,56.324,2.937,61.15
cityB,ons,1.0,shortest,T1,50,142,0.0,95.232,649.38,0.0,0.0,0.0,0.0,0.0,0.0,0.0,0.0
cityB,ons,1.0,count_only,T1,50,142,2.711,67.507,459.852,-27.725,-39.057,-18.035,-189.528,-271.193,-119.564,-29.186,42.958
cityB,ons,1.0,severity_weighted,T1,50,142,2.298,68.099,459.556,-27.134,-38.518,-17.612,-189.824,-271.456,-120.692,-29.232,39.437
cityB,ons,1.0,random_alternative,T1,50,142,5.934,95.346,651.259,0.114,-7.981,6.765,1.879,-57.717,50.705,0.289,61.15
cityB,ons,1.0,shortest,T1,100,142,0.0,184.634,1285.725,0.0,0.0,0.0,0.0,0.0,0.0,0.0,0.0
cityB,ons,1.0,count_only,T1,100,142,2.711,142.43,981.577,-42.204,-56.254,-30.061,-304.148,-406.72,-213.049,-23.656,42.958
cityB,ons,1.0,severity_weighted,T1,100,142,2.298,144.092,985.93,-40.542,-54.318,-28.301,-299.796,-401.37,-208.292,-23.317,39.437
cityB,ons,1.0,random_alternative,T1,100,142,5.934,191.198,1324.81,6.565,-3.881,16.43,39.085,-37.983,109.07,3.04,61.15
cityB,ons,5.0,shortest,T2,50,142,0.0,48.965,344.627,0.0,0.0,0.0,0.0,0.0,0.0,0.0,0.0
cityB,ons,5.0,count_only,T2,50,142,3.823,35.282,246.662,-13.683,-19.607,-8.556,-97.965,-141.388,-59.341,-28.426,52.817
cityB,ons,5.0,severity_weighted,T2,50,142,3.856,34.859,243.359,-14.106,-20.029,-8.921,-101.268,-146.207,-61.667,-29.385,52.817
cityB,ons,5.0,random_alternative,T2,50,142,5.934,49.033,343.57,0.068,-4.095,3.64,-1.056,-32.546,26.846,-0.307,61.15
cityB,ons,5.0,shortest,T2,100,142,0.0,94.063,663.585,0.0,0.0,0.0,0.0,0.0,0.0,0.0,0.0
cityB,ons,5.0,count_only,T2,100,142,3.823,72.951,506.268,-21.113,-28.254,-14.655,-157.317,-211.609,-108.852,-23.707,52.817
cityB,ons,5.0,severity_weighted,T2,100,142,3.856,72.556,502.458,-21.507,-28.627,-15.007,-161.127,-215.528,-111.993,-24.281,52.817
cityB,ons,5.0,random_alternative,T2,100,142,5.934,97.325,683.074,3.262,-2.002,8.168,19.489,-20.325,56.324,2.937,61.15
cityB,ons,5.0,shortest,T1,50,142,0.0,95.232,649.38,0.0,0.0,0.0,0.0,0.0,0.0,0.0,0.0
cityB,ons,5.0,count_only,T1,50,142,3.823,67.465,457.746,-27.768,-39.296,-17.957,-191.634,-274.727,-122.405,-29.51,52.817
cityB,ons,5.0,severity_weighted,T1,50,142,3.856,66.951,454.113,-28.282,-39.769,-18.598,-195.268,-277.377,-125.949,-30.07,52.817
cityB,ons,5.0,random_alternative,T1,50,142,5.934,95.346,651.259,0.114,-7.981,6.765,1.879,-57.717,50.705,0.289,61.15
cityB,ons,5.0,shortest,T1,100,142,0.0,184.634,1285.725,0.0,0.0,0.0,0.0,0.0,0.0,0.0,0.0
cityB,ons,5.0,count_only,T1,100,142,3.823,140.563,965.535,-44.07,-57.944,-32.083,-320.19,-424.185,-230.451,-24.903,52.817
cityB,ons,5.0,severity_weighted,T1,100,142,3.856,140.732,963.521,-43.901,-57.944,-31.76,-322.204,-424.323,-232.597,-25.06,52.817
cityB,ons,5.0,random_alternative,T1,100,142,5.934,191.198,1324.81,6.565,-3.881,16.43,39.085,-37.983,109.07,3.04,61.15
cityC,ons,0.2,shortest,T2,50,150,0.0,111.907,1069.82,0.0,0.0,0.0,0.0,0.0,0.0,0.0,0.0
cityC,ons,0.2,count_only,T2,50,150,1.322,89.247,848.533,-22.66,-33.901,-12.206,-221.287,-333.032,-117.847,-20.684,31.333
cityC,ons,0.2,severity_weighted,T2,50,150,1.36,89.487,849.433,-22.42,-33.484,-11.819,-220.387,-332.831,-116.527,-20.6,31.333
cityC,ons,0.2,random_alternative,T2,50,150,4.655,115.296,1101.386,3.389,-5.285,12.462,31.566,-54.034,121.491,2.951,61.111
cityC,ons,0.2,shortest,T2,100,150,0.0,234.393,2229.273,0.0,0.0,0.0,0.0,0.0,0.0,0.0,0.0
cityC,ons,0.2,count_only,T2,100,150,1.322,194.133,1831.853,-40.26,-58.702,-23.96,-397.42,-582.671,-232.836,-17.827,31.333
cityC,ons,0.2,severity_weighted,T2,100,150,1.36,193.96,1829.247,-40.433,-58.88,-24.172,-400.027,-584.92,-236.147,-17.944,31.333
cityC,ons,0.2,random_alternative,T2,100,150,4.655,245.958,2332.759,11.564,-1.888,25.047,103.486,-28.224,235.382,4.642,61.111
cityC,ons,0.2,shortest,T1,50,150,0.0,224.787,2029.833,0.0,0.0,0.0,0.0,0.0,0.0,0.0,0.0
cityC,ons,0.2,count_only,T1,50,150,1.322,179.4,1606.627,-45.387,-67.388,-25.378,-423.207,-639.828,-231.186,-20.849,31.333
cityC,ons,0.2,severity_weighted,T1,50,150,1.36,180.147,1609.12,-44.64,-66.932,-24.16,-420.713,-636.915,-224.018,-20.726,31.333
cityC,ons,0.2,random_alternative,T1,50,150,4.655,230.293,2076.654,5.507,-11.551,22.626,46.821,-114.149,209.985,2.307,61.111
cityC,ons,0.2,shortest,T1,100,150,0.0,478.52,4318.1,0.0,0.0,0.0,0.0,0.0,0.0,0.0,0.0
cityC,ons,0.2,count_only,T1,100,150,1.322,392.673,3516.327,-85.847,-121.735,-52.713,-801.773,-1142.792,-488.644,-18.568,31.333
cityC,ons,0.2,severity_weighted,T1,100,150,1.36,392.353,3507.04,-86.167,-122.346,-53.121,-811.06,-1148.775,-497.142,-18.783,31.333
cityC,ons,0.2,random_alternative,T1,100,150,4.655,499.969,4505.229,21.449,-4.812,48.359,187.129,-63.035,437.375,4.334,61.111
cityC,ons,1.0,shortest,T2,50,150,0.0,111.907,1069.82,0.0,0.0,0.0,0.0,0.0,0.0,0.0,0.0
cityC,ons,1.0,count_only,T2,50,150,2.563,85.727,814.513,-26.18,-37.593,-15.593,-255.307,-370.67,-150.642,-23.864,47.333
cityC,ons,1.0,severity_weighted,T2,50,150,2.469,85.987,817.52,-25.92,-37.387,-15.423,-252.3,-367.413,-147.42,-23.583,46.0
cityC,ons,1.0,random_alternative,T2,50,150,4.655,115.296,1101.386,3.389,-5.285,12.462,31.566,-54.034,121.491,2.951,61.111
cityC,ons,1.0,shortest,T2,100,150,0.0,234.393,2229.273,0.0,0.0,0.0,0.0,0.0,0.0,0.0,0.0
cityC,ons,1.0,count_only,T2,100,150,2.563,189.927,1791.593,-44.467,-62.774,-28.141,-437.68,-618.095,-274.824,-19.633,47.333
cityC,ons,1.0,severity_weighted,T2,100,150,2.469,189.96,1791.853,-44.433,-62.681,-28.166,-437.42,-618.234,-273.218,-19.622,46.0
cityC,ons,1.0,random_alternative,T2,100,150,4.655,245.958,2332.759,11.564,-1.888,25.047,103.486,-28.224,235.382,4.642,61.111
cityC,ons,1.0,shortest,T1,50,150,0.0,224.787,2029.833,0.0,0.0,0.0,0.0,0.0,0.0,0.0,0.0
cityC,ons,1.0,count_only,T1,50,150,2.563,173.233,1549.887,-51.553,-73.855,-31.197,-479.947,-696.322,-280.744,-23.645,47.333
cityC,ons,1.0,severity_weighted,T1,50,150,2.469,173.987,1553.327,-50.8,-73.134,-30.246,-476.507,-693.927,-278.38,-23.475,46.0
cityC,ons,1.0,random_alternative,T1,50,150,4.655,230.293,2076.654,5.507,-11.551,22.626,46.821,-114.149,209.985,2.307,61.111
cityC,ons,1.0,shortest,T1,100,150,0.0,478.52,4318.1,0.0,0.0,0.0,0.0,0.0,0.0,0.0,0.0
cityC,ons,1.0,count_only,T1,100,150,2.563,383.707,3433.153,-94.813,-130.408,-62.098,-884.947,-1223.248,-569.29,-20.494,47.333
cityC,ons,1.0,severity_weighted,T1,100,150,2.469,384.26,3432.713,-94.26,-129.762,-61.653,-885.387,-1223.044,-570.565,-20.504,46.0
cityC,ons,1.0,random_alternative,T1,100,150,4.655,499.969,4505.229,21.449,-4.812,48.359,187.129,-63.035,437.375,4.334,61.111
cityC,ons,5.0,shortest,T2,50,150,0.0,111.907,1069.82,0.0,0.0,0.0,0.0,0.0,0.0,0.0,0.0
cityC,ons,5.0,count_only,T2,50,150,3.156,86.18,819.093,-25.727,-37.294,-14.86,-250.727,-366.827,-144.276,-23.436,52.0
cityC,ons,5.0,severity_weighted,T2,50,150,3.215,85.527,812.447,-26.38,-37.887,-15.883,-257.373,-371.753,-153.372,-24.058,52.667
cityC,ons,5.0,random_alternative,T2,50,150,4.655,115.296,1101.386,3.389,-5.285,12.462,31.566,-54.034,121.491,2.951,61.111
cityC,ons,5.0,shortest,T2,100,150,0.0,234.393,2229.273,0.0,0.0,0.0,0.0,0.0,0.0,0.0,0.0
cityC,ons,5.0,count_only,T2,100,150,3.156,189.667,1788.533,-44.727,-62.937,-28.239,-440.74,-622.611,-274.621,-19.771,52.0
cityC,ons,5.0,severity_weighted,T2,100,150,3.215,189.733,1789.52,-44.66,-62.812,-28.04,-439.753,-621.589,-274.078,-19.726,52.667
cityC,ons,5.0,random_alternative,T2,100,150,4.655,245.958,2332.759,11.564,-1.888,25.047,103.486,-28.224,235.382,4.642,61.111
cityC,ons,5.0,shortest,T1,50,150,0.0,224.787,2029.833,0.0,0.0,0.0,0.0,0.0,0.0,0.0,0.0
cityC,ons,5.0,count_only,T1,50,150,3.156,174.467,1559.047,-50.32,-73.122,-29.753,-470.787,-692.373,-272.909,-23.193,52.0
cityC,ons,5.0,severity_weighted,T1,50,150,3.215,173.64,1548.18,-51.147,-73.607,-30.631,-481.653,-698.403,-283.448,-23.729,52.667
cityC,ons,5.0,random_alternative,T1,50,150,4.655,230.293,2076.654,5.507,-11.551,22.626,46.821,-114.149,209.985,2.307,61.111
cityC,ons,5.0,shortest,T1,100,150,0.0,478.52,4318.1,0.0,0.0,0.0,0.0,0.0,0.0,0.0,0.0
cityC,ons,5.0,count_only,T1,100,150,3.156,382.567,3423.227,-95.953,-131.441,-63.289,-894.873,-1237.243,-581.238,-20.724,52.0
cityC,ons,5.0,severity_weighted,T1,100,150,3.215,383.12,3419.793,-95.4,-130.916,-62.639,-898.307,-1240.52,-587.577,-20.803,52.667
cityC,ons,5.0,random_alternative,T1,100,150,4.655,499.969,4505.229,21.449,-4.812,48.359,187.129,-63.035,437.375,4.334,61.111
cityD,ons,0.2,shortest,T2,50,132,0.0,67.273,418.402,0.0,0.0,0.0,0.0,0.0,0.0,0.0,0.0
cityD,ons,0.2,count_only,T2,50,132,0.947,52.591,327.174,-14.682,-23.562,-7.439,-91.227,-144.938,-46.651,-21.804,18.939
cityD,ons,0.2,severity_weighted,T2,50,132,0.926,53.098,330.341,-14.174,-23.159,-6.954,-88.061,-143.557,-43.204,-21.047,19.697
cityD,ons,0.2,random_alternative,T2,50,132,6.708,67.295,427.006,0.023,-5.726,5.389,8.605,-27.168,41.696,2.057,60.985
cityD,ons,0.2,shortest,T2,100,132,0.0,137.023,876.023,0.0,0.0,0.0,0.0,0.0,0.0,0.0,0.0
cityD,ons,0.2,count_only,T2,100,132,0.947,105.273,680.674,-31.75,-48.498,-17.575,-195.348,-299.951,-107.337,-22.299,18.939
cityD,ons,0.2,severity_weighted,T2,100,132,0.926,106.03,684.614,-30.992,-47.652,-16.87,-191.409,-296.104,-103.934,-21.85,19.697
cityD,ons,0.2,random_alternative,T2,100,132,6.708,136.364,884.188,-0.659,-10.53,8.103,8.165,-53.836,62.704,0.932,60.985
cityD,ons,0.2,shortest,T1,50,132,0.0,134.417,808.22,0.0,0.0,0.0,0.0,0.0,0.0,0.0,0.0
cityD,ons,0.2,count_only,T1,50,132,0.947,105.288,618.705,-29.129,-46.137,-15.318,-189.515,-297.667,-99.133,-23.448,18.939
cityD,ons,0.2,severity_weighted,T1,50,132,0.926,105.659,620.826,-28.758,-46.129,-14.999,-187.394,-296.623,-98.0,-23.186,19.697
cityD,ons,0.2,random_alternative,T1,50,132,6.708,136.063,831.917,1.646,-9.652,11.979,23.697,-49.199,91.51,2.932,60.985
cityD,ons,0.2,shortest,T1,100,132,0.0,276.068,1700.455,0.0,0.0,0.0,0.0,0.0,0.0,0.0,0.0
cityD,ons,0.2,count_only,T1,100,132,0.947,213.371,1289.864,-62.697,-94.293,-34.946,-410.591,-616.705,-228.178,-24.146,18.939
cityD,ons,0.2,severity_weighted,T1,100,132,0.926,214.205,1293.114,-61.864,-93.636,-34.754,-407.341,-615.554,-227.343,-23.955,19.697
cityD,ons,0.2,random_alternative,T1,100,132,6.708,275.6,1708.048,-0.468,-19.287,16.67,7.593,-114.76,118.629,0.447,60.985
cityD,ons,1.0,shortest,T2,50,132,0.0,67.273,418.402,0.0,0.0,0.0,0.0,0.0,0.0,0.0,0.0
cityD,ons,1.0,count_only,T2,50,132,2.365,49.576,310.053,-17.697,-26.38,-10.28,-108.348,-161.03,-62.242,-25.896,36.364
cityD,ons,1.0,severity_weighted,T2,50,132,1.64,50.886,316.045,-16.386,-25.251,-8.894,-102.356,-156.456,-55.939,-24.464,31.061
cityD,ons,1.0,random_alternative,T2,50,132,6.708,67.295,427.006,0.023,-5.726,5.389,8.605,-27.168,41.696,2.057,60.985
cityD,ons,1.0,shortest,T2,100,132,0.0,137.023,876.023,0.0,0.0,0.0,0.0,0.0,0.0,0.0,0.0
cityD,ons,1.0,count_only,T2,100,132,2.365,100.553,652.864,-36.47,-53.205,-21.97,-223.159,-326.586,-131.923,-25.474,36.364
cityD,ons,1.0,severity_weighted,T2,100,132,1.64,103.22,665.167,-33.803,-50.659,-19.257,-210.856,-314.251,-119.545,-24.07,31.061
cityD,ons,1.0,random_alternative,T2,100,132,6.708,136.364,884.188,-0.659,-10.53,8.103,8.165,-53.836,62.704,0.932,60.985
cityD,ons,1.0,shortest,T1,50,132,0.0,134.417,808.22,0.0,0.0,0.0,0.0,0.0,0.0,0.0,0.0
cityD,ons,1.0,count_only,T1,50,132,2.365,98.848,579.568,-35.568,-52.693,-21.378,-228.652,-337.293,-138.279,-28.291,36.364
cityD,ons,1.0,severity_weighted,T1,50,132,1.64,100.742,584.348,-33.674,-51.016,-19.666,-223.871,-333.119,-133.213,-27.699,31.061
cityD,ons,1.0,random_alternative,T1,50,132,6.708,136.063,831.917,1.646,-9.652,11.979,23.697,-49.199,91.51,2.932,60.985
cityD,ons,1.0,shortest,T1,100,132,0.0,276.068,1700.455,0.0,0.0,0.0,0.0,0.0,0.0,0.0,0.0
cityD,ons,1.0,count_only,T1,100,132,2.365,202.977,1227.644,-73.091,-104.751,-44.788,-472.811,-677.434,-287.98,-27.805,36.364
cityD,ons,1.0,severity_weighted,T1,100,132,1.64,207.523,1238.985,-68.545,-100.609,-40.416,-461.47,-668.043,-276.932,-27.138,31.061
cityD,ons,1.0,random_alternative,T1,100,132,6.708,275.6,1708.048,-0.468,-19.287,16.67,7.593,-114.76,118.629,0.447,60.985
cityD,ons,5.0,shortest,T2,50,132,0.0,67.273,418.402,0.0,0.0,0.0,0.0,0.0,0.0,0.0,0.0
cityD,ons,5.0,count_only,T2,50,132,3.788,49.227,306.674,-18.045,-26.758,-10.567,-111.727,-165.062,-65.771,-26.703,46.212
cityD,ons,5.0,severity_weighted,T2,50,132,3.716,49.955,311.068,-17.318,-26.001,-9.856,-107.333,-159.913,-61.487,-25.653,43.939
cityD,ons,5.0,random_alternative,T2,50,132,6.708,67.295,427.006,0.023,-5.726,5.389,8.605,-27.168,41.696,2.057,60.985
cityD,ons,5.0,shortest,T2,100,132,0.0,137.023,876.023,0.0,0.0,0.0,0.0,0.0,0.0,0.0,0.0
cityD,ons,5.0,count_only,T2,100,132,3.788,100.538,649.894,-36.485,-52.902,-21.871,-226.129,-328.447,-134.186,-25.813,46.212
cityD,ons,5.0,severity_weighted,T2,100,132,3.716,101.045,652.682,-35.977,-52.175,-21.371,-223.341,-326.077,-130.468,-25.495,43.939
cityD,ons,5.0,random_alternative,T2,100,132,6.708,136.364,884.188,-0.659,-10.53,8.103,8.165,-53.836,62.704,0.932,60.985
cityD,ons,5.0,shortest,T1,50,132,0.0,134.417,808.22,0.0,0.0,0.0,0.0,0.0,0.0,0.0,0.0
cityD,ons,5.0,count_only,T1,50,132,3.788,97.136,568.78,-37.28,-54.448,-22.606,-239.439,-349.468,-147.143,-29.626,46.212
cityD,ons,5.0,severity_weighted,T1,50,132,3.716,99.212,574.864,-35.205,-52.305,-20.977,-233.356,-342.159,-141.149,-28.873,43.939
cityD,ons,5.0,random_alternative,T1,50,132,6.708,136.063,831.917,1.646,-9.652,11.979,23.697,-49.199,91.51,2.932,60.985
cityD,ons,5.0,shortest,T1,100,132,0.0,276.068,1700.455,0.0,0.0,0.0,0.0,0.0,0.0,0.0,0.0
cityD,ons,5.0,count_only,T1,100,132,3.788,200.47,1214.083,-75.598,-106.916,-47.701,-486.371,-688.808,-300.716,-28.602,46.212
cityD,ons,5.0,severity_weighted,T1,100,132,3.716,202.197,1208.652,-73.871,-105.449,-45.877,-491.803,-694.583,-307.381,-28.922,43.939
cityD,ons,5.0,random_alternative,T1,100,132,6.708,275.6,1708.048,-0.468,-19.287,16.67,7.593,-114.76,118.629,0.447,60.985
