city,scheme,radius_m,n_od,mean_incidents_per_route,mean_severity_per_route,saturation_pct,penalty_spread_m_mean,penalty_spread_pct_of_shortest,top_ne_shortest_pct,top1_agree_with_ref_pct,kendall_tau_vs_ref,tau_n
cityA,hand,25,144,107.131,1538.997,41.587,66497.222,2419.503,54.861,54.167,0.31,144
cityA,hand,50,144,241.515,3457.01,68.455,115950.0,4173.139,56.25,67.361,0.546,144
cityA,hand,100,144,533.977,7605.115,90.718,185041.319,6657.299,54.861,100.0,1.0,144
cityA,hand,150,144,780.118,11097.123,95.027,250045.833,9155.763,52.778,85.417,0.745,144
cityA,hand,200,144,1055.821,15002.456,96.474,301510.417,10901.719,53.472,79.167,0.69,144
cityA,hand,300,144,1621.018,23076.182,98.275,388705.903,13927.673,50.0,75.0,0.593,144
cityA,hand,500,144,2777.626,39474.71,99.885,457978.472,16285.114,48.611,69.444,0.481,144
cityA,hand,1000,144,6240.215,88607.659,100.0,660879.167,24428.183,48.611,59.028,0.319,144
cityB,hand,25,142,47.826,673.689,46.488,29096.127,1102.562,59.155,61.268,0.38,142
cityB,hand,50,142,98.636,1390.211,67.364,50695.423,1936.805,65.493,77.465,0.615,142
cityB,hand,100,142,197.346,2792.644,88.289,78540.141,2940.453,58.451,100.0,1.0,142
cityB,hand,150,142,292.91,4135.689,94.108,107504.577,4042.355,61.268,82.394,0.746,142
cityB,hand,200,142,379.781,5391.509,95.94,123801.056,4585.356,59.155,80.986,0.756,142
cityB,hand,300,142,556.551,7872.823,97.54,142791.197,5124.119,51.408,69.718,0.601,142
cityB,hand,500,142,967.828,13698.836,99.299,178685.915,6130.366,46.479,62.676,0.446,142
cityB,hand,1000,142,2233.338,31672.201,100.0,300732.042,10371.352,52.817,57.042,0.319,142
cityC,hand,25,150,104.96,1648.05,42.045,74043.667,2824.087,62.667,60.667,0.351,150
cityC,hand,50,150,231.595,3636.218,65.797,120392.667,4517.714,67.333,69.333,0.484,150
cityC,hand,100,150,501.975,7883.902,85.808,197493.0,7384.077,54.0,100.0,1.0,150
cityC,hand,150,150,757.485,11843.258,92.39,235052.667,8709.581,53.333,79.333,0.653,150
cityC,hand,200,150,995.208,15554.682,95.398,265158.333,9856.697,54.667,70.667,0.582,150
cityC,hand,300,150,1557.418,24347.185,98.235,336026.0,12445.872,52.0,66.0,0.493,150
cityC,hand,500,150,2821.715,44143.035,99.778,460819.0,17028.202,49.333,64.667,0.396,150
cityC,hand,1000,150,6568.915,102657.172,100.0,574399.0,21212.185,56.0,55.333,0.284,150
cityD,hand,25,132,80.003,1084.433,44.811,43631.061,1679.926,53.788,65.152,0.48,132
cityD,hand,50,132,140.977,1918.51,70.933,65240.909,2471.272,59.848,76.515,0.641,132
cityD,hand,100,132,283.974,3879.969,93.157,110102.273,4092.41,53.788,100.0,1.0,132
cityD,hand,150,132,402.123,5508.339,97.589,127054.924,4731.997,54.545,81.061,0.697,132
cityD,hand,200,132,539.202,7377.459,98.914,168646.591,6187.552,53.03,76.515,0.667,132
cityD,hand,300,132,794.174,10838.521,99.523,225180.303,8188.804,53.788,73.485,0.626,132
cityD,hand,500,132,1397.402,19125.111,100.0,308564.773,10821.927,43.939,69.697,0.495,132
cityD,hand,1000,132,3135.222,42935.456,100.0,517455.682,17324.509,48.485,59.848,0.338,132
cityA,ons,25,144,107.131,774.938,41.587,34389.583,1249.886,56.944,55.556,0.306,144
cityA,ons,50,144,241.515,1742.326,68.455,59319.097,2134.117,58.333,68.056,0.537,144
cityA,ons,100,144,533.977,3804.959,90.718,93011.806,3345.928,53.472,100.0,1.0,144
cityA,ons,150,144,780.118,5536.518,95.027,125154.167,4585.7,54.861,84.028,0.741,144
cityA,ons,200,144,1055.821,7473.872,96.474,149923.264,5418.339,54.167,81.25,0.685,144
cityA,ons,300,144,1621.018,11545.597,98.275,193533.333,6937.215,50.694,72.222,0.556,144
cityA,ons,500,144,2777.626,19683.962,99.885,228812.847,8117.463,49.306,71.528,0.509,144
cityA,ons,1000,144,6240.215,44171.623,100.0,327678.472,12122.911,48.611,59.028,0.324,144
cityB,ons,25,142,47.826,324.066,46.488,14270.07,540.112,60.563,61.268,0.376,142
cityB,ons,50,142,98.636,673.923,67.364,25321.479,969.515,63.38,76.056,0.62,142
cityB,ons,100,142,197.346,1367.649,88.289,39325.704,1473.579,59.859,100.0,1.0,142
cityB,ons,150,142,292.91,2027.174,94.108,53961.972,2030.564,61.268,85.211,0.765,142
cityB,ons,200,142,379.781,2656.488,95.94,62284.859,2301.927,58.451,81.69,0.723,142
cityB,ons,300,142,556.551,3868.879,97.54,71462.324,2561.37,52.817,69.014,0.563,142
cityB,ons,500,142,967.828,6750.322,99.299,88965.141,3052.688,47.183,61.972,0.413,142
cityB,ons,1000,142,2233.338,15646.05,100.0,148773.944,5122.227,52.817,53.521,0.282,142
cityC,ons,25,150,104.96,948.155,42.045,42825.667,1634.601,63.333,61.333,0.338,150
cityC,ons,50,150,231.595,2087.69,65.797,69804.333,2623.663,67.333,68.667,0.493,150
cityC,ons,100,150,501.975,4526.432,85.808,114384.667,4281.003,54.0,100.0,1.0,150
cityC,ons,150,150,757.485,6772.845,92.39,134630.667,4996.282,53.333,82.667,0.698,150
cityC,ons,200,150,995.208,8890.88,95.398,152379.333,5668.017,54.667,72.0,0.578,150
cityC,ons,300,150,1557.418,13900.208,98.235,192191.333,7132.396,51.333,68.0,0.507,150
cityC,ons,500,150,2821.715,25206.928,99.778,262420.333,9703.045,48.667,62.0,0.364,150
cityC,ons,1000,150,6568.915,58594.318,100.0,327328.333,12092.349,56.0,55.333,0.284,150
cityD,ons,25,132,80.003,482.043,44.811,20407.955,784.872,54.545,69.697,0.525,132
cityD,ons,50,132,140.977,865.348,70.933,31003.03,1174.886,55.303,78.788,0.636,132
cityD,ons,100,132,283.974,1768.869,93.157,52307.576,1945.58,50.758,100.0,1.0,132
cityD,ons,150,132,402.123,2529.088,97.589,59233.712,2205.979,53.03,76.515,0.672,132
cityD,ons,200,132,539.202,3384.553,98.914,78151.515,2874.176,53.788,77.273,0.672,132
cityD,ons,300,132,794.174,4959.419,99.523,104613.258,3816.446,55.303,73.485,0.626,132
cityD,ons,500,132,1397.402,8791.92,100.0,142058.712,4988.298,43.939,70.455,0.51,132
cityD,ons,1000,132,3135.222,19751.806,100.0,239470.076,8018.168,46.212,60.606,0.369,132
