city,scheme,scale_m_per_point,eval_period,eval_radius_m,n_od,a,b,metric,mean_diff_a_minus_b,ci_lo,ci_hi,ci_excludes_0
cityA,hand,0.2,T2,50,144,severity_weighted,random_alternative,count,-31.708,-42.793,-22.126,True
cityA,hand,0.2,T2,50,144,severity_weighted,random_alternative,severity,-467.718,-629.993,-327.17,True
cityA,hand,0.2,T2,50,144,severity_weighted,random_alternative,detour_pct,-3.507,-4.462,-2.633,True
cityA,hand,0.2,T2,50,144,severity_weighted,count_only,count,0.0,0.0,0.0,False
cityA,hand,0.2,T2,50,144,severity_weighted,count_only,severity,0.0,0.0,0.0,False
cityA,hand,0.2,T2,50,144,severity_weighted,count_only,detour_pct,0.0,0.0,0.0,False
cityA,hand,0.2,T2,100,144,severity_weighted,random_alternative,count,-59.088,-74.745,-46.0,True
cityA,hand,0.2,T2,100,144,severity_weighted,random_alternative,severity,-859.816,-1088.029,-669.996,True
cityA,hand,0.2,T2,100,144,severity_weighted,random_alternative,detour_pct,-3.507,-4.462,-2.633,True
cityA,hand,0.2,T2,100,144,severity_weighted,count_only,count,0.0,0.0,0.0,False
cityA,hand,0.2,T2,100,144,severity_weighted,count_only,severity,0.0,0.0,0.0,False
cityA,hand,0.2,T2,100,144,severity_weighted,count_only,detour_pct,0.0,0.0,0.0,False
cityA,hand,0.2,T1,50,144,severity_weighted,random_alternative,count,-57.417,-77.447,-40.269,True
cityA,hand,0.2,T1,50,144,severity_weighted,random_alternative,severity,-843.736,-1140.34,-591.787,True
cityA,hand,0.2,T1,50,144,severity_weighted,random_alternative,detour_pct,-3.507,-4.462,-2.633,True
cityA,hand,0.2,T1,50,144,severity_weighted,count_only,count,0.0,0.0,0.0,False
cityA,hand,0.2,T1,50,144,severity_weighted,count_only,severity,0.0,0.0,0.0,False
cityA,hand,0.2,T1,50,144,severity_weighted,count_only,detour_pct,0.0,0.0,0.0,False
cityA,hand,0.2,T1,100,144,severity_weighted,random_alternative,count,-107.808,-136.967,-83.508,True
cityA,hand,0.2,T1,100,144,severity_weighted,random_alternative,severity,-1561.763,-1987.314,-1208.993,True
cityA,hand,0.2,T1,100,144,severity_weighted,random_alternative,detour_pct,-3.507,-4.462,-2.633,True
cityA,hand,0.2,T1,100,144,severity_weighted,count_only,count,0.0,0.0,0.0,False
cityA,hand,0.2,T1,100,144,severity_weighted,count_only,severity,0.0,0.0,0.0,False
cityA,hand,0.2,T1,100,144,severity_weighted,count_only,detour_pct,0.0,0.0,0.0,False
cityA,hand,1.0,T2,50,144,severity_weighted,random_alternative,count,-33.604,-44.716,-23.942,True
cityA,hand,1.0,T2,50,144,severity_weighted,random_alternative,severity,-492.704,-658.568,-349.652,True
cityA,hand,1.0,T2,50,144,severity_weighted,random_alternative,detour_pct,-1.513,-2.471,-0.562,True
cityA,hand,1.0,T2,50,144,severity_weighted,count_only,count,0.201,-0.507,1.16,False
cityA,hand,1.0,T2,50,144,severity_weighted,count_only,severity,3.326,-7.145,17.965,False
cityA,hand,1.0,T2,50,144,severity_weighted,count_only,detour_pct,-0.217,-0.6,0.023,False
cityA,hand,1.0,T2,100,144,severity_weighted,random_alternative,count,-65.206,-80.957,-52.023,True
cityA,hand,1.0,T2,100,144,severity_weighted,random_alternative,severity,-944.997,-1178.945,-753.368,True
cityA,hand,1.0,T2,100,144,severity_weighted,random_alternative,detour_pct,-1.513,-2.471,-0.562,True
cityA,hand,1.0,T2,100,144,severity_weighted,count_only,count,-0.014,-0.347,0.319,False
cityA,hand,1.0,T2,100,144,severity_weighted,count_only,severity,0.16,-6.872,6.875,False
cityA,hand,1.0,T2,100,144,severity_weighted,count_only,detour_pct,-0.217,-0.6,0.023,False
cityA,hand,1.0,T1,50,144,severity_weighted,random_alternative,count,-62.111,-82.037,-44.711,True
cityA,hand,1.0,T1,50,144,severity_weighted,random_alternative,severity,-903.708,-1196.733,-647.38,True
cityA,hand,1.0,T1,50,144,severity_weighted,random_alternative,detour_pct,-1.513,-2.471,-0.562,True
cityA,hand,1.0,T1,50,144,severity_weighted,count_only,count,0.715,-0.514,2.556,False
cityA,hand,1.0,T1,50,144,severity_weighted,count_only,severity,7.84,-9.125,30.977,False
cityA,hand,1.0,T1,50,144,severity_weighted,count_only,detour_pct,-0.217,-0.6,0.023,False
cityA,hand,1.0,T1,100,144,severity_weighted,random_alternative,count,-118.586,-146.875,-94.596,True
cityA,hand,1.0,T1,100,144,severity_weighted,random_alternative,severity,-1713.006,-2129.822,-1361.572,True
cityA,hand,1.0,T1,100,144,severity_weighted,random_alternative,detour_pct,-1.513,-2.471,-0.562,True
cityA,hand,1.0,T1,100,144,severity_weighted,count_only,count,0.347,-0.049,0.903,False
cityA,hand,1.0,T1,100,144,severity_weighted,count_only,severity,1.556,-3.287,7.722,False
cityA,hand,1.0,T1,100,144,severity_weighted,count_only,detour_pct,-0.217,-0.6,0.023,False
cityA,hand,5.0,T2,50,144,severity_weighted,random_alternative,count,-34.264,-45.313,-24.964,True
cityA,hand,5.0,T2,50,144,severity_weighted,random_alternative,severity,-503.808,-666.231,-364.311,True
cityA,hand,5.0,T2,50,144,severity_weighted,random_alternative,detour_pct,-0.834,-1.843,0.101,False
cityA,hand,5.0,T2,50,144,severity_weighted,count_only,count,-0.174,-0.646,0.125,False
cityA,hand,5.0,T2,50,144,severity_weighted,count_only,severity,-2.549,-9.167,1.521,False
cityA,hand,5.0,T2,50,144,severity_weighted,count_only,detour_pct,-0.033,-0.101,0.003,False
cityA,hand,5.0,T2,100,144,severity_weighted,random_alternative,count,-65.831,-81.808,-52.75,True
cityA,hand,5.0,T2,100,144,severity_weighted,random_alternative,severity,-954.795,-1191.011,-764.045,True
cityA,hand,5.0,T2,100,144,severity_weighted,random_alternative,detour_pct,-0.834,-1.843,0.101,False
cityA,hand,5.0,T2,100,144,severity_weighted,count_only,count,-0.021,-0.188,0.125,False
cityA,hand,5.0,T2,100,144,severity_weighted,count_only,severity,-0.257,-2.292,1.521,False
cityA,hand,5.0,T2,100,144,severity_weighted,count_only,detour_pct,-0.033,-0.101,0.003,False
cityA,hand,5.0,T1,50,144,severity_weighted,random_alternative,count,-62.938,-82.671,-45.739,True
cityA,hand,5.0,T1,50,144,severity_weighted,random_alternative,severity,-915.528,-1205.774,-665.459,True
cityA,hand,5.0,T1,50,144,severity_weighted,random_alternative,detour_pct,-0.834,-1.843,0.101,False
cityA,hand,5.0,T1,50,144,severity_weighted,count_only,count,-0.25,-0.771,0.021,False
cityA,hand,5.0,T1,50,144,severity_weighted,count_only,severity,-4.604,-13.771,0.0,False
cityA,hand,5.0,T1,50,144,severity_weighted,count_only,detour_pct,-0.033,-0.101,0.003,False
cityA,hand,5.0,T1,100,144,severity_weighted,random_alternative,count,-119.28,-147.543,-95.407,True
cityA,hand,5.0,T1,100,144,severity_weighted,random_alternative,severity,-1722.686,-2137.812,-1373.486,True
cityA,hand,5.0,T1,100,144,severity_weighted,random_alternative,detour_pct,-0.834,-1.843,0.101,False
cityA,hand,5.0,T1,100,144,severity_weighted,count_only,count,0.056,0.0,0.16,False
cityA,hand,5.0,T1,100,144,severity_weighted,count_only,severity,-0.5,-1.458,0.0,False
cityA,hand,5.0,T1,100,144,severity_weighted,count_only,detour_pct,-0.033,-0.101,0.003,False
cityB,hand,0.2,T2,50,142,severity_weighted,random_alternative,count,-11.117,-14.858,-7.424,True
cityB,hand,0.2,T2,50,142,severity_weighted,random_alternative,severity,-160.023,-214.693,-105.199,True
cityB,hand,0.2,T2,50,142,severity_weighted,random_alternative,detour_pct,-4.705,-5.587,-3.855,True
cityB,hand,0.2,T2,50,142,severity_weighted,count_only,count,-1.359,-3.078,-0.099,True
cityB,hand,0.2,T2,50,142,severity_weighted,count_only,severity,-19.641,-44.489,-1.317,True
cityB,hand,0.2,T2,50,142,severity_weighted,count_only,detour_pct,0.156,-0.004,0.399,False
cityB,hand,0.2,T2,100,142,severity_weighted,random_alternative,count,-20.67,-26.123,-15.467,True
cityB,hand,0.2,T2,100,142,severity_weighted,random_alternative,severity,-299.499,-378.024,-224.013,True
cityB,hand,0.2,T2,100,142,severity_weighted,random_alternative,detour_pct,-4.705,-5.587,-3.855,True
cityB,hand,0.2,T2,100,142,severity_weighted,count_only,count,-0.944,-2.331,0.148,False
cityB,hand,0.2,T2,100,142,severity_weighted,count_only,severity,-13.507,-33.655,2.493,False
cityB,hand,0.2,T2,100,142,severity_weighted,count_only,detour_pct,0.156,-0.004,0.399,False
cityB,hand,0.2,T1,50,142,severity_weighted,random_alternative,count,-20.888,-28.32,-13.757,True
cityB,hand,0.2,T1,50,142,severity_weighted,random_alternative,severity,-297.576,-408.22,-193.358,True
cityB,hand,0.2,T1,50,142,severity_weighted,random_alternative,detour_pct,-4.705,-5.587,-3.855,True
cityB,hand,0.2,T1,50,142,severity_weighted,count_only,count,-2.106,-4.676,-0.239,True
cityB,hand,0.2,T1,50,142,severity_weighted,count_only,severity,-30.359,-67.021,-3.444,True
cityB,hand,0.2,T1,50,142,severity_weighted,count_only,detour_pct,0.156,-0.004,0.399,False
cityB,hand,0.2,T1,100,142,severity_weighted,random_alternative,count,-40.536,-50.973,-30.767,True
cityB,hand,0.2,T1,100,142,severity_weighted,random_alternative,severity,-582.851,-734.938,-438.647,True
cityB,hand,0.2,T1,100,142,severity_weighted,random_alternative,detour_pct,-4.705,-5.587,-3.855,True
cityB,hand,0.2,T1,100,142,severity_weighted,count_only,count,-1.401,-3.536,0.19,False
cityB,hand,0.2,T1,100,142,severity_weighted,count_only,severity,-23.69,-57.016,0.233,False
cityB,hand,0.2,T1,100,142,severity_weighted,count_only,detour_pct,0.156,-0.004,0.399,False
cityB,hand,1.0,T2,50,142,severity_weighted,random_alternative,count,-13.962,-17.925,-10.368,True
cityB,hand,1.0,T2,50,142,severity_weighted,random_alternative,severity,-199.995,-260.112,-146.137,True
cityB,hand,1.0,T2,50,142,severity_weighted,random_alternative,detour_pct,-2.948,-3.944,-1.912,True
cityB,hand,1.0,T2,50,142,severity_weighted,count_only,count,-0.218,-0.852,0.31,False
cityB,hand,1.0,T2,50,142,severity_weighted,count_only,severity,-3.218,-12.824,4.797,False
cityB,hand,1.0,T2,50,142,severity_weighted,count_only,detour_pct,0.145,0.001,0.375,True
cityB,hand,1.0,T2,100,142,severity_weighted,random_alternative,count,-24.297,-29.785,-19.273,True
cityB,hand,1.0,T2,100,142,severity_weighted,random_alternative,severity,-351.9,-430.188,-278.852,True
cityB,hand,1.0,T2,100,142,severity_weighted,random_alternative,detour_pct,-2.948,-3.944,-1.912,True
cityB,hand,1.0,T2,100,142,severity_weighted,count_only,count,-0.697,-1.542,0.0,False
cityB,hand,1.0,T2,100,142,severity_weighted,count_only,severity,-9.817,-22.912,0.282,False
cityB,hand,1.0,T2,100,142,severity_weighted,count_only,detour_pct,0.145,0.001,0.375,True
cityB,hand,1.0,T1,50,142,severity_weighted,random_alternative,count,-28.128,-35.623,-21.146,True
cityB,hand,1.0,T1,50,142,severity_weighted,random_alternative,severity,-399.795,-509.567,-296.1,True
cityB,hand,1.0,T1,50,142,severity_weighted,random_alternative,detour_pct,-2.948,-3.944,-1.912,True
cityB,hand,1.0,T1,50,142,severity_weighted,count_only,count,-0.394,-1.19,0.218,False
cityB,hand,1.0,T1,50,142,severity_weighted,count_only,severity,-6.113,-16.947,2.085,False
cityB,hand,1.0,T1,50,142,severity_weighted,count_only,detour_pct,0.145,0.001,0.375,True
cityB,hand,1.0,T1,100,142,severity_weighted,random_alternative,count,-49.452,-59.193,-39.899,True
cityB,hand,1.0,T1,100,142,severity_weighted,random_alternative,severity,-711.133,-854.962,-571.376,True
cityB,hand,1.0,T1,100,142,severity_weighted,random_alternative,detour_pct,-2.948,-3.944,-1.912,True
cityB,hand,1.0,T1,100,142,severity_weighted,count_only,count,-0.324,-0.895,0.0,False
cityB,hand,1.0,T1,100,142,severity_weighted,count_only,severity,-6.718,-16.831,-0.768,True
cityB,hand,1.0,T1,100,142,severity_weighted,count_only,detour_pct,0.145,0.001,0.375,True
cityB,hand,5.0,T2,50,142,severity_weighted,random_alternative,count,-14.068,-17.981,-10.497,True
cityB,hand,5.0,T2,50,142,severity_weighted,random_alternative,severity,-201.791,-260.322,-148.517,True
cityB,hand,5.0,T2,50,142,severity_weighted,random_alternative,detour_pct,-1.918,-2.934,-0.863,True
cityB,hand,5.0,T2,50,142,severity_weighted,count_only,count,-0.268,-0.761,0.0,False
cityB,hand,5.0,T2,50,142,severity_weighted,count_only,severity,-4.366,-12.366,0.0,False
cityB,hand,5.0,T2,50,142,severity_weighted,count_only,detour_pct,-0.017,-0.051,0.001,False
cityB,hand,5.0,T2,100,142,severity_weighted,random_alternative,count,-24.825,-30.178,-19.872,True
cityB,hand,5.0,T2,100,142,severity_weighted,random_alternative,severity,-359.273,-436.991,-286.841,True
cityB,hand,5.0,T2,100,142,severity_weighted,random_alternative,detour_pct,-1.918,-2.934,-0.863,True
cityB,hand,5.0,T2,100,142,severity_weighted,count_only,count,-0.246,-0.866,0.127,False
cityB,hand,5.0,T2,100,142,severity_weighted,count_only,severity,-3.979,-13.458,1.521,False
cityB,hand,5.0,T2,100,142,severity_weighted,count_only,detour_pct,-0.017,-0.051,0.001,False
cityB,hand,5.0,T1,50,142,severity_weighted,random_alternative,count,-28.269,-35.744,-21.331,True
cityB,hand,5.0,T1,50,142,severity_weighted,random_alternative,severity,-402.64,-511.455,-299.047,True
cityB,hand,5.0,T1,50,142,severity_weighted,random_alternative,detour_pct,-1.918,-2.934,-0.863,True
cityB,hand,5.0,T1,50,142,severity_weighted,count_only,count,-0.225,-0.739,0.063,False
cityB,hand,5.0,T1,50,142,severity_weighted,count_only,severity,-3.887,-11.106,0.0,False
cityB,hand,5.0,T1,50,142,severity_weighted,count_only,detour_pct,-0.017,-0.051,0.001,False
cityB,hand,5.0,T1,100,142,severity_weighted,random_alternative,count,-50.748,-60.524,-41.691,True
cityB,hand,5.0,T1,100,142,severity_weighted,random_alternative,severity,-732.203,-873.621,-599.896,True
cityB,hand,5.0,T1,100,142,severity_weighted,random_alternative,detour_pct,-1.918,-2.934,-0.863,True
cityB,hand,5.0,T1,100,142,severity_weighted,count_only,count,0.014,0.0,0.035,False
cityB,hand,5.0,T1,100,142,severity_weighted,count_only,severity,-0.718,-2.063,0.0,False
cityB,hand,5.0,T1,100,142,severity_weighted,count_only,detour_pct,-0.017,-0.051,0.001,False
cityC,hand,0.2,T2,50,150,severity_weighted,random_alternative,count,-27.842,-36.802,-19.322,True
cityC,hand,0.2,T2,50,150,severity_weighted,random_alternative,severity,-456.304,-606.524,-314.169,True
cityC,hand,0.2,T2,50,150,severity_weighted,random_alternative,detour_pct,-2.845,-3.606,-2.085,True
cityC,hand,0.2,T2,50,150,severity_weighted,count_only,count,0.107,-0.213,0.52,False
cityC,hand,0.2,T2,50,150,severity_weighted,count_only,severity,0.887,-4.22,6.78,False
cityC,hand,0.2,T2,50,150,severity_weighted,count_only,detour_pct,0.062,-0.001,0.156,False
cityC,hand,0.2,T2,100,150,severity_weighted,random_alternative,count,-54.531,-67.665,-41.864,True
cityC,hand,0.2,T2,100,150,severity_weighted,random_alternative,severity,-893.102,-1111.765,-684.166,True
cityC,hand,0.2,T2,100,150,severity_weighted,random_alternative,detour_pct,-2.845,-3.606,-2.085,True
cityC,hand,0.2,T2,100,150,severity_weighted,count_only,count,-0.333,-0.92,0.027,False
cityC,hand,0.2,T2,100,150,severity_weighted,count_only,severity,-6.02,-16.127,0.0,False
cityC,hand,0.2,T2,100,150,severity_weighted,count_only,detour_pct,0.062,-0.001,0.156,False
cityC,hand,0.2,T1,50,150,severity_weighted,random_alternative,count,-53.687,-70.638,-37.143,True
cityC,hand,0.2,T1,50,150,severity_weighted,random_alternative,severity,-859.902,-1137.19,-588.164,True
cityC,hand,0.2,T1,50,150,severity_weighted,random_alternative,detour_pct,-2.845,-3.606,-2.085,True
cityC,hand,0.2,T1,50,150,severity_weighted,count_only,count,0.207,-0.274,0.88,False
cityC,hand,0.2,T1,50,150,severity_weighted,count_only,severity,1.493,-5.493,9.84,False
cityC,hand,0.2,T1,50,150,severity_weighted,count_only,detour_pct,0.062,-0.001,0.156,False
cityC,hand,0.2,T1,100,150,severity_weighted,random_alternative,count,-112.136,-138.377,-87.675,True
cityC,hand,0.2,T1,100,150,severity_weighted,random_alternative,severity,-1795.821,-2220.964,-1398.725,True
cityC,hand,0.2,T1,100,150,severity_weighted,random_alternative,detour_pct,-2.845,-3.606,-2.085,True
cityC,hand,0.2,T1,100,150,severity_weighted,count_only,count,-0.287,-0.887,0.173,False
cityC,hand,0.2,T1,100,150,severity_weighted,count_only,severity,-6.147,-16.213,0.173,False
cityC,hand,0.2,T1,100,150,severity_weighted,count_only,detour_pct,0.062,-0.001,0.156,False
cityC,hand,1.0,T2,50,150,severity_weighted,random_alternative,count,-29.756,-38.636,-21.339,True
cityC,hand,1.0,T2,50,150,severity_weighted,random_alternative,severity,-486.471,-634.051,-345.266,True
cityC,hand,1.0,T2,50,150,severity_weighted,random_alternative,detour_pct,-1.812,-2.631,-0.997,True
cityC,hand,1.0,T2,50,150,severity_weighted,count_only,count,0.02,0.0,0.06,False
cityC,hand,1.0,T2,50,150,severity_weighted,count_only,severity,0.82,0.0,2.46,False
cityC,hand,1.0,T2,50,150,severity_weighted,count_only,detour_pct,0.018,0.0,0.053,False
cityC,hand,1.0,T2,100,150,severity_weighted,random_alternative,count,-56.084,-69.212,-43.472,True
cityC,hand,1.0,T2,100,150,severity_weighted,random_alternative,severity,-918.022,-1135.642,-711.005,True
cityC,hand,1.0,T2,100,150,severity_weighted,random_alternative,detour_pct,-1.812,-2.631,-0.997,True
cityC,hand,1.0,T2,100,150,severity_weighted,count_only,count,0.167,0.0,0.5,False
cityC,hand,1.0,T2,100,150,severity_weighted,count_only,severity,2.433,0.0,7.3,False
cityC,hand,1.0,T2,100,150,severity_weighted,count_only,detour_pct,0.018,0.0,0.053,False
cityC,hand,1.0,T1,50,150,severity_weighted,random_alternative,count,-57.173,-73.849,-40.888,True
cityC,hand,1.0,T1,50,150,severity_weighted,random_alternative,severity,-913.089,-1185.884,-647.818,True
cityC,hand,1.0,T1,50,150,severity_weighted,random_alternative,detour_pct,-1.812,-2.631,-0.997,True
cityC,hand,1.0,T1,50,150,severity_weighted,count_only,count,0.22,0.0,0.66,False
cityC,hand,1.0,T1,50,150,severity_weighted,count_only,severity,2.333,0.0,7.0,False
cityC,hand,1.0,T1,50,150,severity_weighted,count_only,detour_pct,0.018,0.0,0.053,False
cityC,hand,1.0,T1,100,150,severity_weighted,random_alternative,count,-117.049,-143.702,-92.681,True
cityC,hand,1.0,T1,100,150,severity_weighted,random_alternative,severity,-1872.161,-2294.154,-1480.564,True
cityC,hand,1.0,T1,100,150,severity_weighted,random_alternative,detour_pct,-1.812,-2.631,-0.997,True
cityC,hand,1.0,T1,100,150,severity_weighted,count_only,count,-0.027,-0.08,0.0,False
cityC,hand,1.0,T1,100,150,severity_weighted,count_only,severity,-2.187,-6.56,0.0,False
cityC,hand,1.0,T1,100,150,severity_weighted,count_only,detour_pct,0.018,0.0,0.053,False
cityC,hand,5.0,T2,50,150,severity_weighted,random_alternative,count,-29.309,-38.15,-20.807,True
cityC,hand,5.0,T2,50,150,severity_weighted,random_alternative,severity,-479.924,-627.972,-336.133,True
cityC,hand,5.0,T2,50,150,severity_weighted,random_alternative,detour_pct,-1.33,-2.162,-0.5,True
cityC,hand,5.0,T2,50,150,severity_weighted,count_only,count,-0.053,-0.38,0.168,False
cityC,hand,5.0,T2,50,150,severity_weighted,count_only,severity,-1.007,-6.12,2.118,False
cityC,hand,5.0,T2,50,150,severity_weighted,count_only,detour_pct,0.064,-0.026,0.231,False
cityC,hand,5.0,T2,100,150,severity_weighted,random_alternative,count,-56.211,-69.29,-43.684,True
cityC,hand,5.0,T2,100,150,severity_weighted,random_alternative,severity,-920.456,-1138.027,-713.833,True
cityC,hand,5.0,T2,100,150,severity_weighted,random_alternative,detour_pct,-1.33,-2.162,-0.5,True
cityC,hand,5.0,T2,100,150,severity_weighted,count_only,count,-0.007,-0.2,0.173,False
cityC,hand,5.0,T2,100,150,severity_weighted,count_only,severity,-0.04,-2.64,2.481,False
cityC,hand,5.0,T2,100,150,severity_weighted,count_only,detour_pct,0.064,-0.026,0.231,False
cityC,hand,5.0,T1,50,150,severity_weighted,random_alternative,count,-56.167,-72.671,-40.104,True
cityC,hand,5.0,T1,50,150,severity_weighted,random_alternative,severity,-898.429,-1169.928,-635.594,True
cityC,hand,5.0,T1,50,150,severity_weighted,random_alternative,detour_pct,-1.33,-2.162,-0.5,True
cityC,hand,5.0,T1,50,150,severity_weighted,count_only,count,-0.16,-0.54,0.04,False
cityC,hand,5.0,T1,50,150,severity_weighted,count_only,severity,-2.987,-9.76,0.533,False
cityC,hand,5.0,T1,50,150,severity_weighted,count_only,detour_pct,0.064,-0.026,0.231,False
cityC,hand,5.0,T1,100,150,severity_weighted,random_alternative,count,-117.469,-144.145,-93.197,True
cityC,hand,5.0,T1,100,150,severity_weighted,random_alternative,severity,-1878.814,-2299.345,-1486.739,True
cityC,hand,5.0,T1,100,150,severity_weighted,random_alternative,detour_pct,-1.33,-2.162,-0.5,True
cityC,hand,5.0,T1,100,150,severity_weighted,count_only,count,-0.013,-0.08,0.027,False
cityC,hand,5.0,T1,100,150,severity_weighted,count_only,severity,-0.86,-2.64,0.04,False
cityC,hand,5.0,T1,100,150,severity_weighted,count_only,detour_pct,0.064,-0.026,0.231,False
cityD,hand,0.2,T2,50,132,severity_weighted,random_alternative,count,-15.689,-21.326,-10.571,True
cityD,hand,0.2,T2,50,132,severity_weighted,random_alternative,severity,-225.115,-304.202,-154.249,True
cityD,hand,0.2,T2,50,132,severity_weighted,random_alternative,detour_pct,-5.394,-6.981,-4.133,True
cityD,hand,0.2,T2,50,132,severity_weighted,count_only,count,-0.258,-1.174,0.917,False
cityD,hand,0.2,T2,50,132,severity_weighted,count_only,severity,-5.947,-18.926,8.843,False
cityD,hand,0.2,T2,50,132,severity_weighted,count_only,detour_pct,0.223,-0.039,0.536,False
cityD,hand,0.2,T2,100,132,severity_weighted,random_alternative,count,-33.129,-43.214,-24.269,True
cityD,hand,0.2,T2,100,132,severity_weighted,random_alternative,severity,-469.301,-611.895,-347.603,True
cityD,hand,0.2,T2,100,132,severity_weighted,random_alternative,detour_pct,-5.394,-6.981,-4.133,True
cityD,hand,0.2,T2,100,132,severity_weighted,count_only,count,-0.977,-2.28,0.046,False
cityD,hand,0.2,T2,100,132,severity_weighted,count_only,severity,-18.402,-38.609,-2.394,True
cityD,hand,0.2,T2,100,132,severity_weighted,count_only,detour_pct,0.223,-0.039,0.536,False
cityD,hand,0.2,T1,50,132,severity_weighted,random_alternative,count,-32.503,-43.773,-22.47,True
cityD,hand,0.2,T1,50,132,severity_weighted,random_alternative,severity,-467.828,-628.356,-325.019,True
cityD,hand,0.2,T1,50,132,severity_weighted,random_alternative,detour_pct,-5.394,-6.981,-4.133,True
cityD,hand,0.2,T1,50,132,severity_weighted,count_only,count,-0.242,-1.781,1.758,False
cityD,hand,0.2,T1,50,132,severity_weighted,count_only,severity,-8.72,-30.133,16.146,False
cityD,hand,0.2,T1,50,132,severity_weighted,count_only,detour_pct,0.223,-0.039,0.536,False
cityD,hand,0.2,T1,100,132,severity_weighted,random_alternative,count,-66.221,-86.215,-48.067,True
cityD,hand,0.2,T1,100,132,severity_weighted,random_alternative,severity,-941.842,-1225.414,-689.51,True
cityD,hand,0.2,T1,100,132,severity_weighted,random_alternative,detour_pct,-5.394,-6.981,-4.133,True
cityD,hand,0.2,T1,100,132,severity_weighted,count_only,count,-1.833,-4.758,0.644,False
cityD,hand,0.2,T1,100,132,severity_weighted,count_only,severity,-35.144,-77.412,-0.717,True
cityD,hand,0.2,T1,100,132,severity_weighted,count_only,detour_pct,0.223,-0.039,0.536,False
cityD,hand,1.0,T2,50,132,severity_weighted,random_alternative,count,-17.636,-23.093,-12.559,True
cityD,hand,1.0,T2,50,132,severity_weighted,random_alternative,severity,-250.297,-326.746,-179.192,True
cityD,hand,1.0,T2,50,132,severity_weighted,random_alternative,detour_pct,-3.787,-5.509,-2.391,True
cityD,hand,1.0,T2,50,132,severity_weighted,count_only,count,-0.008,-0.023,0.0,False
cityD,hand,1.0,T2,50,132,severity_weighted,count_only,severity,-0.424,-1.273,0.0,False
cityD,hand,1.0,T2,50,132,severity_weighted,count_only,detour_pct,-0.006,-0.019,0.0,False
cityD,hand,1.0,T2,100,132,severity_weighted,random_alternative,count,-35.606,-45.377,-26.864,True
cityD,hand,1.0,T2,100,132,severity_weighted,random_alternative,severity,-499.414,-638.308,-379.269,True
cityD,hand,1.0,T2,100,132,severity_weighted,random_alternative,detour_pct,-3.787,-5.509,-2.391,True
cityD,hand,1.0,T2,100,132,severity_weighted,count_only,count,0.076,0.0,0.227,False
cityD,hand,1.0,T2,100,132,severity_weighted,count_only,severity,1.0,0.0,3.0,False
cityD,hand,1.0,T2,100,132,severity_weighted,count_only,detour_pct,-0.006,-0.019,0.0,False
cityD,hand,1.0,T1,50,132,severity_weighted,random_alternative,count,-38.237,-48.948,-28.431,True
cityD,hand,1.0,T1,50,132,severity_weighted,random_alternative,severity,-541.624,-691.96,-399.089,True
cityD,hand,1.0,T1,50,132,severity_weighted,random_alternative,detour_pct,-3.787,-5.509,-2.391,True
cityD,hand,1.0,T1,50,132,severity_weighted,count_only,count,-0.129,-0.386,0.0,False
cityD,hand,1.0,T1,50,132,severity_weighted,count_only,severity,-1.811,-5.432,0.0,False
cityD,hand,1.0,T1,50,132,severity_weighted,count_only,detour_pct,-0.006,-0.019,0.0,False
cityD,hand,1.0,T1,100,132,severity_weighted,random_alternative,count,-73.933,-93.128,-56.769,True
cityD,hand,1.0,T1,100,132,severity_weighted,random_alternative,severity,-1035.562,-1307.569,-795.241,True
cityD,hand,1.0,T1,100,132,severity_weighted,random_alternative,detour_pct,-3.787,-5.509,-2.391,True
cityD,hand,1.0,T1,100,132,severity_weighted,count_only,count,0.008,0.0,0.023,False
cityD,hand,1.0,T1,100,132,severity_weighted,count_only,severity,-0.523,-1.568,0.0,False
cityD,hand,1.0,T1,100,132,severity_weighted,count_only,detour_pct,-0.006,-0.019,0.0,False
cityD,hand,5.0,T2,50,132,severity_weighted,random_alternative,count,-19.008,-24.428,-14.166,True
cityD,hand,5.0,T2,50,132,severity_weighted,random_alternative,severity,-266.744,-342.471,-198.622,True
cityD,hand,5.0,T2,50,132,severity_weighted,random_alternative,detour_pct,-2.412,-4.185,-0.957,True
cityD,hand,5.0,T2,50,132,severity_weighted,count_only,count,-0.614,-2.205,0.909,False
cityD,hand,5.0,T2,50,132,severity_weighted,count_only,severity,-6.856,-26.213,11.553,False
cityD,hand,5.0,T2,50,132,severity_weighted,count_only,detour_pct,-0.2,-0.696,0.229,False
cityD,hand,5.0,T2,100,132,severity_weighted,random_alternative,count,-36.28,-46.062,-27.757,True
cityD,hand,5.0,T2,100,132,severity_weighted,random_alternative,severity,-507.172,-647.796,-388.526,True
cityD,hand,5.0,T2,100,132,severity_weighted,random_alternative,detour_pct,-2.412,-4.185,-0.957,True
cityD,hand,5.0,T2,100,132,severity_weighted,count_only,count,-0.098,-0.955,0.576,False
cityD,hand,5.0,T2,100,132,severity_weighted,count_only,severity,0.242,-7.804,6.856,False
cityD,hand,5.0,T2,100,132,severity_weighted,count_only,detour_pct,-0.2,-0.696,0.229,False
cityD,hand,5.0,T1,50,132,severity_weighted,random_alternative,count,-40.101,-50.703,-30.317,True
cityD,hand,5.0,T1,50,132,severity_weighted,random_alternative,severity,-568.563,-719.76,-427.916,True
cityD,hand,5.0,T1,50,132,severity_weighted,random_alternative,detour_pct,-2.412,-4.185,-0.957,True
cityD,hand,5.0,T1,50,132,severity_weighted,count_only,count,-0.341,-2.645,2.038,False
cityD,hand,5.0,T1,50,132,severity_weighted,count_only,severity,-9.72,-41.206,18.423,False
cityD,hand,5.0,T1,50,132,severity_weighted,count_only,detour_pct,-0.2,-0.696,0.229,False
cityD,hand,5.0,T1,100,132,severity_weighted,random_alternative,count,-75.289,-94.471,-58.317,True
cityD,hand,5.0,T1,100,132,severity_weighted,random_alternative,severity,-1054.668,-1327.932,-815.355,True
cityD,hand,5.0,T1,100,132,severity_weighted,random_alternative,detour_pct,-2.412,-4.185,-0.957,True
cityD,hand,5.0,T1,100,132,severity_weighted,count_only,count,0.22,0.023,0.47,True
cityD,hand,5.0,T1,100,132,severity_weighted,count_only,severity,-1.636,-3.659,0.053,False
cityD,hand,5.0,T1,100,132,severity_weighted,count_only,detour_pct,-0.2,-0.696,0.229,False
cityA,ons,0.2,T2,50,144,severity_weighted,random_alternative,count,-29.09,-39.491,-20.111,True
cityA,ons,0.2,T2,50,144,severity_weighted,random_alternative,severity,-226.199,-305.639,-155.356,True
cityA,ons,0.2,T2,50,144,severity_weighted,random_alternative,detour_pct,-4.423,-5.263,-3.602,True
cityA,ons,0.2,T2,50,144,severity_weighted,count_only,count,0.236,-1.771,3.146,False
cityA,ons,0.2,T2,50,144,severity_weighted,count_only,severity,4.528,-10.786,29.236,False
cityA,ons,0.2,T2,50,144,severity_weighted,count_only,detour_pct,-0.151,-0.397,-0.002,True
cityA,ons,0.2,T2,100,144,severity_weighted,random_alternative,count,-51.373,-65.834,-38.93,True
cityA,ons,0.2,T2,100,144,severity_weighted,random_alternative,severity,-390.258,-502.709,-294.863,True
cityA,ons,0.2,T2,100,144,severity_weighted,random_alternative,detour_pct,-4.423,-5.263,-3.602,True
cityA,ons,0.2,T2,100,144,severity_weighted,count_only,count,1.764,0.104,4.479,True
cityA,ons,0.2,T2,100,144,severity_weighted,count_only,severity,15.243,0.118,38.951,True
cityA,ons,0.2,T2,100,144,severity_weighted,count_only,detour_pct,-0.151,-0.397,-0.002,True
cityA,ons,0.2,T1,50,144,severity_weighted,random_alternative,count,-52.194,-71.156,-36.077,True
cityA,ons,0.2,T1,50,144,severity_weighted,random_alternative,severity,-394.557,-537.172,-273.622,True
cityA,ons,0.2,T1,50,144,severity_weighted,random_alternative,detour_pct,-4.423,-5.263,-3.602,True
cityA,ons,0.2,T1,50,144,severity_weighted,count_only,count,1.069,-2.862,7.361,False
cityA,ons,0.2,T1,50,144,severity_weighted,count_only,severity,5.576,-21.509,47.778,False
cityA,ons,0.2,T1,50,144,severity_weighted,count_only,detour_pct,-0.151,-0.397,-0.002,True
cityA,ons,0.2,T1,100,144,severity_weighted,random_alternative,count,-93.912,-121.57,-70.802,True
cityA,ons,0.2,T1,100,144,severity_weighted,random_alternative,severity,-690.418,-892.373,-519.149,True
cityA,ons,0.2,T1,100,144,severity_weighted,random_alternative,detour_pct,-4.423,-5.263,-3.602,True
cityA,ons,0.2,T1,100,144,severity_weighted,count_only,count,3.514,0.083,8.931,True
cityA,ons,0.2,T1,100,144,severity_weighted,count_only,severity,21.569,-0.299,60.458,False
cityA,ons,0.2,T1,100,144,severity_weighted,count_only,detour_pct,-0.151,-0.397,-0.002,True
cityA,ons,1.0,T2,50,144,severity_weighted,random_alternative,count,-33.91,-44.998,-24.282,True
cityA,ons,1.0,T2,50,144,severity_weighted,random_alternative,severity,-258.824,-345.481,-183.209,True
cityA,ons,1.0,T2,50,144,severity_weighted,random_alternative,detour_pct,-2.192,-3.126,-1.271,True
cityA,ons,1.0,T2,50,144,severity_weighted,count_only,count,-0.799,-1.98,0.16,False
cityA,ons,1.0,T2,50,144,severity_weighted,count_only,severity,-3.736,-12.313,4.118,False
cityA,ons,1.0,T2,50,144,severity_weighted,count_only,detour_pct,-0.041,-0.328,0.21,False
cityA,ons,1.0,T2,100,144,severity_weighted,random_alternative,count,-63.387,-79.348,-49.999,True
cityA,ons,1.0,T2,100,144,severity_weighted,random_alternative,severity,-471.216,-597.964,-369.139,True
cityA,ons,1.0,T2,100,144,severity_weighted,random_alternative,detour_pct,-2.192,-3.126,-1.271,True
cityA,ons,1.0,T2,100,144,severity_weighted,count_only,count,0.618,-0.104,1.618,False
cityA,ons,1.0,T2,100,144,severity_weighted,count_only,severity,6.382,-1.431,16.938,False
cityA,ons,1.0,T2,100,144,severity_weighted,count_only,detour_pct,-0.041,-0.328,0.21,False
cityA,ons,1.0,T1,50,144,severity_weighted,random_alternative,count,-61.736,-81.624,-44.508,True
cityA,ons,1.0,T1,50,144,severity_weighted,random_alternative,severity,-460.404,-610.104,-328.704,True
cityA,ons,1.0,T1,50,144,severity_weighted,random_alternative,detour_pct,-2.192,-3.126,-1.271,True
cityA,ons,1.0,T1,50,144,severity_weighted,count_only,count,-0.764,-2.729,0.841,False
cityA,ons,1.0,T1,50,144,severity_weighted,count_only,severity,-6.597,-20.393,4.821,False
cityA,ons,1.0,T1,50,144,severity_weighted,count_only,detour_pct,-0.041,-0.328,0.21,False
cityA,ons,1.0,T1,100,144,severity_weighted,random_alternative,count,-115.544,-144.424,-91.223,True
cityA,ons,1.0,T1,100,144,severity_weighted,random_alternative,severity,-844.661,-1056.795,-666.679,True
cityA,ons,1.0,T1,100,144,severity_weighted,random_alternative,detour_pct,-2.192,-3.126,-1.271,True
cityA,ons,1.0,T1,100,144,severity_weighted,count_only,count,1.257,-0.111,3.299,False
cityA,ons,1.0,T1,100,144,severity_weighted,count_only,severity,0.792,-4.757,7.453,False
cityA,ons,1.0,T1,100,144,severity_weighted,count_only,detour_pct,-0.041,-0.328,0.21,False
cityA,ons,5.0,T2,50,144,severity_weighted,random_alternative,count,-34.708,-45.909,-25.403,True
cityA,ons,5.0,T2,50,144,severity_weighted,random_alternative,severity,-268.505,-354.932,-194.57,True
cityA,ons,5.0,T2,50,144,severity_weighted,random_alternative,detour_pct,-1.1,-2.091,-0.161,True
cityA,ons,5.0,T2,50,144,severity_weighted,count_only,count,-1.007,-2.41,0.34,False
cityA,ons,5.0,T2,50,144,severity_weighted,count_only,severity,-7.007,-18.0,3.448,False
cityA,ons,5.0,T2,50,144,severity_weighted,count_only,detour_pct,-0.067,-0.584,0.486,False
cityA,ons,5.0,T2,100,144,severity_weighted,random_alternative,count,-65.602,-81.44,-52.486,True
cityA,ons,5.0,T2,100,144,severity_weighted,random_alternative,severity,-492.14,-614.959,-392.498,True
cityA,ons,5.0,T2,100,144,severity_weighted,random_alternative,detour_pct,-1.1,-2.091,-0.161,True
cityA,ons,5.0,T2,100,144,severity_weighted,count_only,count,-0.222,-1.083,0.576,False
cityA,ons,5.0,T2,100,144,severity_weighted,count_only,severity,-2.569,-9.917,3.667,False
cityA,ons,5.0,T2,100,144,severity_weighted,count_only,detour_pct,-0.067,-0.584,0.486,False
cityA,ons,5.0,T1,50,144,severity_weighted,random_alternative,count,-63.236,-82.804,-45.919,True
cityA,ons,5.0,T1,50,144,severity_weighted,random_alternative,severity,-470.126,-617.91,-342.173,True
cityA,ons,5.0,T1,50,144,severity_weighted,random_alternative,detour_pct,-1.1,-2.091,-0.161,True
cityA,ons,5.0,T1,50,144,severity_weighted,count_only,count,-0.889,-2.688,0.695,False
cityA,ons,5.0,T1,50,144,severity_weighted,count_only,severity,-12.132,-26.382,-0.249,True
cityA,ons,5.0,T1,50,144,severity_weighted,count_only,detour_pct,-0.067,-0.584,0.486,False
cityA,ons,5.0,T1,100,144,severity_weighted,random_alternative,count,-118.225,-146.58,-94.053,True
cityA,ons,5.0,T1,100,144,severity_weighted,random_alternative,severity,-862.328,-1075.987,-688.028,True
cityA,ons,5.0,T1,100,144,severity_weighted,random_alternative,detour_pct,-1.1,-2.091,-0.161,True
cityA,ons,5.0,T1,100,144,severity_weighted,count_only,count,1.014,0.174,2.243,True
cityA,ons,5.0,T1,100,144,severity_weighted,count_only,severity,-4.896,-10.501,-0.319,True
cityA,ons,5.0,T1,100,144,severity_weighted,count_only,detour_pct,-0.067,-0.584,0.486,False
cityB,ons,0.2,T2,50,142,severity_weighted,random_alternative,count,-8.082,-11.782,-4.689,True
cityB,ons,0.2,T2,50,142,severity_weighted,random_alternative,severity,-58.944,-88.136,-32.046,True
cityB,ons,0.2,T2,50,142,severity_weighted,random_alternative,detour_pct,-5.381,-6.203,-4.644,True
cityB,ons,0.2,T2,50,142,severity_weighted,count_only,count,-0.021,-0.676,0.613,False
cityB,ons,0.2,T2,50,142,severity_weighted,count_only,severity,0.063,-6.085,6.275,False
cityB,ons,0.2,T2,50,142,severity_weighted,count_only,detour_pct,-0.053,-0.159,0.001,False
cityB,ons,0.2,T2,100,142,severity_weighted,random_alternative,count,-15.445,-20.569,-10.771,True
cityB,ons,0.2,T2,100,142,severity_weighted,random_alternative,severity,-113.278,-151.184,-77.883,True
cityB,ons,0.2,T2,100,142,severity_weighted,random_alternative,detour_pct,-5.381,-6.203,-4.644,True
cityB,ons,0.2,T2,100,142,severity_weighted,count_only,count,0.268,-0.866,1.669,False
cityB,ons,0.2,T2,100,142,severity_weighted,count_only,severity,0.944,-7.437,10.268,False
cityB,ons,0.2,T2,100,142,severity_weighted,count_only,detour_pct,-0.053,-0.159,0.001,False
cityB,ons,0.2,T1,50,142,severity_weighted,random_alternative,count,-15.262,-22.251,-8.668,True
cityB,ons,0.2,T1,50,142,severity_weighted,random_alternative,severity,-107.316,-159.502,-58.248,True
cityB,ons,0.2,T1,50,142,severity_weighted,random_alternative,detour_pct,-5.381,-6.203,-4.644,True
cityB,ons,0.2,T1,50,142,severity_weighted,count_only,count,0.07,-0.739,0.951,False
cityB,ons,0.2,T1,50,142,severity_weighted,count_only,severity,-0.655,-4.204,2.239,False
cityB,ons,0.2,T1,50,142,severity_weighted,count_only,detour_pct,-0.053,-0.159,0.001,False
cityB,ons,0.2,T1,100,142,severity_weighted,random_alternative,count,-30.572,-40.3,-21.284,True
cityB,ons,0.2,T1,100,142,severity_weighted,random_alternative,severity,-214.951,-286.104,-146.337,True
cityB,ons,0.2,T1,100,142,severity_weighted,random_alternative,detour_pct,-5.381,-6.203,-4.644,True
cityB,ons,0.2,T1,100,142,severity_weighted,count_only,count,1.077,0.0,3.232,False
cityB,ons,0.2,T1,100,142,severity_weighted,count_only,severity,5.014,-2.451,17.493,False
cityB,ons,0.2,T1,100,142,severity_weighted,count_only,detour_pct,-0.053,-0.159,0.001,False
cityB,ons,1.0,T2,50,142,severity_weighted,random_alternative,count,-13.723,-17.585,-10.118,True
cityB,ons,1.0,T2,50,142,severity_weighted,random_alternative,severity,-99.366,-130.756,-70.075,True
cityB,ons,1.0,T2,50,142,severity_weighted,random_alternative,detour_pct,-3.636,-4.61,-2.705,True
cityB,ons,1.0,T2,50,142,severity_weighted,count_only,count,0.155,-0.824,1.134,False
cityB,ons,1.0,T2,50,142,severity_weighted,count_only,severity,-1.014,-7.564,4.838,False
cityB,ons,1.0,T2,50,142,severity_weighted,count_only,detour_pct,-0.413,-0.945,-0.062,True
cityB,ons,1.0,T2,100,142,severity_weighted,random_alternative,count,-23.297,-28.725,-18.115,True
cityB,ons,1.0,T2,100,142,severity_weighted,random_alternative,severity,-171.13,-212.221,-132.584,True
cityB,ons,1.0,T2,100,142,severity_weighted,random_alternative,detour_pct,-3.636,-4.61,-2.705,True
cityB,ons,1.0,T2,100,142,severity_weighted,count_only,count,0.268,-0.521,1.021,False
cityB,ons,1.0,T2,100,142,severity_weighted,count_only,severity,0.965,-5.789,6.775,False
cityB,ons,1.0,T2,100,142,severity_weighted,count_only,detour_pct,-0.413,-0.945,-0.062,True
cityB,ons,1.0,T1,50,142,severity_weighted,random_alternative,count,-27.248,-34.733,-20.291,True
cityB,ons,1.0,T1,50,142,severity_weighted,random_alternative,severity,-191.703,-248.9,-138.618,True
cityB,ons,1.0,T1,50,142,severity_weighted,random_alternative,detour_pct,-3.636,-4.61,-2.705,True
cityB,ons,1.0,T1,50,142,severity_weighted,count_only,count,0.592,-1.014,2.282,False
cityB,ons,1.0,T1,50,142,severity_weighted,count_only,severity,-0.296,-10.549,9.368,False
cityB,ons,1.0,T1,50,142,severity_weighted,count_only,detour_pct,-0.413,-0.945,-0.062,True
cityB,ons,1.0,T1,100,142,severity_weighted,random_alternative,count,-47.107,-57.274,-37.359,True
cityB,ons,1.0,T1,100,142,severity_weighted,random_alternative,severity,-338.88,-413.263,-267.037,True
cityB,ons,1.0,T1,100,142,severity_weighted,random_alternative,detour_pct,-3.636,-4.61,-2.705,True
cityB,ons,1.0,T1,100,142,severity_weighted,count_only,count,1.662,0.493,3.162,True
cityB,ons,1.0,T1,100,142,severity_weighted,count_only,severity,4.352,-1.634,13.353,False
cityB,ons,1.0,T1,100,142,severity_weighted,count_only,detour_pct,-0.413,-0.945,-0.062,True
cityB,ons,5.0,T2,50,142,severity_weighted,random_alternative,count,-14.174,-18.079,-10.622,True
cityB,ons,5.0,T2,50,142,severity_weighted,random_alternative,severity,-100.211,-131.454,-70.968,True
cityB,ons,5.0,T2,50,142,severity_weighted,random_alternative,detour_pct,-2.078,-3.071,-0.997,True
cityB,ons,5.0,T2,50,142,severity_weighted,count_only,count,-0.423,-0.979,-0.049,True
cityB,ons,5.0,T2,50,142,severity_weighted,count_only,severity,-3.303,-8.219,-0.105,True
cityB,ons,5.0,T2,50,142,severity_weighted,count_only,detour_pct,0.033,-0.253,0.428,False
cityB,ons,5.0,T2,100,142,severity_weighted,random_alternative,count,-24.769,-30.104,-19.838,True
cityB,ons,5.0,T2,100,142,severity_weighted,random_alternative,severity,-180.616,-221.151,-143.818,True
cityB,ons,5.0,T2,100,142,severity_weighted,random_alternative,detour_pct,-2.078,-3.071,-0.997,True
cityB,ons,5.0,T2,100,142,severity_weighted,count_only,count,-0.394,-1.12,0.071,False
cityB,ons,5.0,T2,100,142,severity_weighted,count_only,severity,-3.81,-10.346,0.585,False
cityB,ons,5.0,T2,100,142,severity_weighted,count_only,detour_pct,0.033,-0.253,0.428,False
cityB,ons,5.0,T1,50,142,severity_weighted,random_alternative,count,-28.396,-35.841,-21.448,True
cityB,ons,5.0,T1,50,142,severity_weighted,random_alternative,severity,-197.147,-253.066,-143.705,True
cityB,ons,5.0,T1,50,142,severity_weighted,random_alternative,detour_pct,-2.078,-3.071,-0.997,True
cityB,ons,5.0,T1,50,142,severity_weighted,count_only,count,-0.514,-1.218,-0.007,True
cityB,ons,5.0,T1,50,142,severity_weighted,count_only,severity,-3.634,-8.225,-0.296,True
cityB,ons,5.0,T1,50,142,severity_weighted,count_only,detour_pct,0.033,-0.253,0.428,False
cityB,ons,5.0,T1,100,142,severity_weighted,random_alternative,count,-50.466,-60.115,-41.342,True
cityB,ons,5.0,T1,100,142,severity_weighted,random_alternative,severity,-361.289,-435.572,-293.929,True
cityB,ons,5.0,T1,100,142,severity_weighted,random_alternative,detour_pct,-2.078,-3.071,-0.997,True
cityB,ons,5.0,T1,100,142,severity_weighted,count_only,count,0.169,-0.106,0.451,False
cityB,ons,5.0,T1,100,142,severity_weighted,count_only,severity,-2.014,-6.535,1.05,False
cityB,ons,5.0,T1,100,142,severity_weighted,count_only,detour_pct,0.033,-0.253,0.428,False
cityC,ons,0.2,T2,50,150,severity_weighted,random_alternative,count,-25.809,-35.033,-16.957,True
cityC,ons,0.2,T2,50,150,severity_weighted,random_alternative,severity,-251.952,-343.061,-163.855,True
cityC,ons,0.2,T2,50,150,severity_weighted,random_alternative,detour_pct,-3.295,-4.038,-2.542,True
cityC,ons,0.2,T2,50,150,severity_weighted,count_only,count,0.24,-0.287,0.86,False
cityC,ons,0.2,T2,50,150,severity_weighted,count_only,severity,0.9,-4.135,6.653,False
cityC,ons,0.2,T2,50,150,severity_weighted,count_only,detour_pct,0.038,-0.036,0.136,False
cityC,ons,0.2,T2,100,150,severity_weighted,random_alternative,count,-51.998,-65.318,-38.794,True
cityC,ons,0.2,T2,100,150,severity_weighted,random_alternative,severity,-503.512,-633.254,-375.24,True
cityC,ons,0.2,T2,100,150,severity_weighted,random_alternative,detour_pct,-3.295,-4.038,-2.542,True
cityC,ons,0.2,T2,100,150,severity_weighted,count_only,count,-0.173,-0.493,0.033,False
cityC,ons,0.2,T2,100,150,severity_weighted,count_only,severity,-2.607,-6.447,0.1,False
cityC,ons,0.2,T2,100,150,severity_weighted,count_only,detour_pct,0.038,-0.036,0.136,False
cityC,ons,0.2,T1,50,150,severity_weighted,random_alternative,count,-50.147,-67.385,-33.31,True
cityC,ons,0.2,T1,50,150,severity_weighted,random_alternative,severity,-467.534,-631.373,-306.427,True
cityC,ons,0.2,T1,50,150,severity_weighted,random_alternative,detour_pct,-3.295,-4.038,-2.542,True
cityC,ons,0.2,T1,50,150,severity_weighted,count_only,count,0.747,-0.467,2.333,False
cityC,ons,0.2,T1,50,150,severity_weighted,count_only,severity,2.493,-6.859,14.853,False
cityC,ons,0.2,T1,50,150,severity_weighted,count_only,detour_pct,0.038,-0.036,0.136,False
cityC,ons,0.2,T1,100,150,severity_weighted,random_alternative,count,-107.616,-134.049,-82.489,True
cityC,ons,0.2,T1,100,150,severity_weighted,random_alternative,severity,-998.189,-1245.622,-765.046,True
cityC,ons,0.2,T1,100,150,severity_weighted,random_alternative,detour_pct,-3.295,-4.038,-2.542,True
cityC,ons,0.2,T1,100,150,severity_weighted,count_only,count,-0.32,-1.68,0.827,False
cityC,ons,0.2,T1,100,150,severity_weighted,count_only,severity,-9.287,-27.432,3.08,False
cityC,ons,0.2,T1,100,150,severity_weighted,count_only,detour_pct,0.038,-0.036,0.136,False
cityC,ons,1.0,T2,50,150,severity_weighted,random_alternative,count,-29.309,-38.156,-20.948,True
cityC,ons,1.0,T2,50,150,severity_weighted,random_alternative,severity,-283.866,-372.558,-199.827,True
cityC,ons,1.0,T2,50,150,severity_weighted,random_alternative,detour_pct,-2.186,-2.99,-1.401,True
cityC,ons,1.0,T2,50,150,severity_weighted,count_only,count,0.26,0.02,0.653,True
cityC,ons,1.0,T2,50,150,severity_weighted,count_only,severity,3.007,0.573,6.26,True
cityC,ons,1.0,T2,50,150,severity_weighted,count_only,detour_pct,-0.094,-0.277,0.034,False
cityC,ons,1.0,T2,100,150,severity_weighted,random_alternative,count,-55.998,-69.266,-43.562,True
cityC,ons,1.0,T2,100,150,severity_weighted,random_alternative,severity,-540.906,-668.661,-419.192,True
cityC,ons,1.0,T2,100,150,severity_weighted,random_alternative,detour_pct,-2.186,-2.99,-1.401,True
cityC,ons,1.0,T2,100,150,severity_weighted,count_only,count,0.033,-0.293,0.453,False
cityC,ons,1.0,T2,100,150,severity_weighted,count_only,severity,0.26,-2.06,3.791,False
cityC,ons,1.0,T2,100,150,severity_weighted,count_only,detour_pct,-0.094,-0.277,0.034,False
cityC,ons,1.0,T1,50,150,severity_weighted,random_alternative,count,-56.307,-73.046,-40.418,True
cityC,ons,1.0,T1,50,150,severity_weighted,random_alternative,severity,-523.328,-683.301,-369.984,True
cityC,ons,1.0,T1,50,150,severity_weighted,random_alternative,detour_pct,-2.186,-2.99,-1.401,True
cityC,ons,1.0,T1,50,150,severity_weighted,count_only,count,0.753,0.12,1.607,True
cityC,ons,1.0,T1,50,150,severity_weighted,count_only,severity,3.44,0.333,7.276,True
cityC,ons,1.0,T1,50,150,severity_weighted,count_only,detour_pct,-0.094,-0.277,0.034,False
cityC,ons,1.0,T1,100,150,severity_weighted,random_alternative,count,-115.709,-141.891,-90.841,True
cityC,ons,1.0,T1,100,150,severity_weighted,random_alternative,severity,-1072.516,-1314.185,-843.81,True
cityC,ons,1.0,T1,100,150,severity_weighted,random_alternative,detour_pct,-2.186,-2.99,-1.401,True
cityC,ons,1.0,T1,100,150,severity_weighted,count_only,count,0.553,-0.027,1.32,False
cityC,ons,1.0,T1,100,150,severity_weighted,count_only,severity,-0.44,-6.08,4.107,False
cityC,ons,1.0,T1,100,150,severity_weighted,count_only,detour_pct,-0.094,-0.277,0.034,False
cityC,ons,5.0,T2,50,150,severity_weighted,random_alternative,count,-29.769,-38.355,-21.492,True
cityC,ons,5.0,T2,50,150,severity_weighted,random_alternative,severity,-288.939,-373.895,-205.608,True
cityC,ons,5.0,T2,50,150,severity_weighted,random_alternative,detour_pct,-1.44,-2.322,-0.597,True
cityC,ons,5.0,T2,50,150,severity_weighted,count_only,count,-0.653,-2.453,0.68,False
cityC,ons,5.0,T2,50,150,severity_weighted,count_only,severity,-6.647,-22.316,5.34,False
cityC,ons,5.0,T2,50,150,severity_weighted,count_only,detour_pct,0.059,-0.299,0.416,False
cityC,ons,5.0,T2,100,150,severity_weighted,random_alternative,count,-56.224,-69.354,-43.773,True
cityC,ons,5.0,T2,100,150,severity_weighted,random_alternative,severity,-543.239,-670.197,-422.072,True
cityC,ons,5.0,T2,100,150,severity_weighted,random_alternative,detour_pct,-1.44,-2.322,-0.597,True
cityC,ons,5.0,T2,100,150,severity_weighted,count_only,count,0.067,-0.247,0.38,False
cityC,ons,5.0,T2,100,150,severity_weighted,count_only,severity,0.987,-2.734,4.807,False
cityC,ons,5.0,T2,100,150,severity_weighted,count_only,detour_pct,0.059,-0.299,0.416,False
cityC,ons,5.0,T1,50,150,severity_weighted,random_alternative,count,-56.653,-73.091,-40.902,True
cityC,ons,5.0,T1,50,150,severity_weighted,random_alternative,severity,-528.474,-688.236,-377.166,True
cityC,ons,5.0,T1,50,150,severity_weighted,random_alternative,detour_pct,-1.44,-2.322,-0.597,True
cityC,ons,5.0,T1,50,150,severity_weighted,count_only,count,-0.827,-4.187,1.547,False
cityC,ons,5.0,T1,50,150,severity_weighted,count_only,severity,-10.867,-38.242,8.236,False
cityC,ons,5.0,T1,50,150,severity_weighted,count_only,detour_pct,0.059,-0.299,0.416,False
cityC,ons,5.0,T1,100,150,severity_weighted,random_alternative,count,-116.849,-143.339,-92.54,True
cityC,ons,5.0,T1,100,150,severity_weighted,random_alternative,severity,-1085.436,-1326.328,-858.897,True
cityC,ons,5.0,T1,100,150,severity_weighted,random_alternative,detour_pct,-1.44,-2.322,-0.597,True
cityC,ons,5.0,T1,100,150,severity_weighted,count_only,count,0.553,0.067,1.16,True
cityC,ons,5.0,T1,100,150,severity_weighted,count_only,severity,-3.433,-7.107,-0.653,True
cityC,ons,5.0,T1,100,150,severity_weighted,count_only,detour_pct,0.059,-0.299,0.416,False
cityD,ons,0.2,T2,50,132,severity_weighted,random_alternative,count,-14.197,-20.099,-8.978,True
cityD,ons,0.2,T2,50,132,severity_weighted,random_alternative,severity,-96.665,-135.132,-62.542,True
cityD,ons,0.2,T2,50,132,severity_weighted,random_alternative,detour_pct,-5.783,-7.369,-4.531,True
cityD,ons,0.2,T2,50,132,severity_weighted,count_only,count,0.508,-0.242,1.523,False
cityD,ons,0.2,T2,50,132,severity_weighted,count_only,severity,3.167,-0.576,8.855,False
cityD,ons,0.2,T2,50,132,severity_weighted,count_only,detour_pct,-0.021,-0.102,0.028,False
cityD,ons,0.2,T2,100,132,severity_weighted,random_alternative,count,-30.333,-40.46,-21.238,True
cityD,ons,0.2,T2,100,132,severity_weighted,random_alternative,severity,-199.574,-265.368,-142.829,True
cityD,ons,0.2,T2,100,132,severity_weighted,random_alternative,detour_pct,-5.783,-7.369,-4.531,True
cityD,ons,0.2,T2,100,132,severity_weighted,count_only,count,0.758,-0.106,2.038,False
cityD,ons,0.2,T2,100,132,severity_weighted,count_only,severity,3.939,-0.485,10.712,False
cityD,ons,0.2,T2,100,132,severity_weighted,count_only,detour_pct,-0.021,-0.102,0.028,False
cityD,ons,0.2,T1,50,132,severity_weighted,random_alternative,count,-30.404,-41.781,-20.158,True
cityD,ons,0.2,T1,50,132,severity_weighted,random_alternative,severity,-211.091,-288.487,-143.176,True
cityD,ons,0.2,T1,50,132,severity_weighted,random_alternative,detour_pct,-5.783,-7.369,-4.531,True
cityD,ons,0.2,T1,50,132,severity_weighted,count_only,count,0.371,-0.727,1.818,False
cityD,ons,0.2,T1,50,132,severity_weighted,count_only,severity,2.121,-4.008,11.386,False
cityD,ons,0.2,T1,50,132,severity_weighted,count_only,detour_pct,-0.021,-0.102,0.028,False
cityD,ons,0.2,T1,100,132,severity_weighted,random_alternative,count,-61.395,-81.646,-43.929,True
cityD,ons,0.2,T1,100,132,severity_weighted,random_alternative,severity,-414.934,-546.341,-298.811,True
cityD,ons,0.2,T1,100,132,severity_weighted,random_alternative,detour_pct,-5.783,-7.369,-4.531,True
cityD,ons,0.2,T1,100,132,severity_weighted,count_only,count,0.833,-0.061,2.5,False
cityD,ons,0.2,T1,100,132,severity_weighted,count_only,severity,3.25,-4.061,15.773,False
cityD,ons,0.2,T1,100,132,severity_weighted,count_only,detour_pct,-0.021,-0.102,0.028,False
cityD,ons,1.0,T2,50,132,severity_weighted,random_alternative,count,-16.409,-22.002,-11.411,True
cityD,ons,1.0,T2,50,132,severity_weighted,random_alternative,severity,-110.961,-148.752,-78.261,True
cityD,ons,1.0,T2,50,132,severity_weighted,random_alternative,detour_pct,-5.068,-6.72,-3.764,True
cityD,ons,1.0,T2,50,132,severity_weighted,count_only,count,1.311,0.098,2.75,True
cityD,ons,1.0,T2,50,132,severity_weighted,count_only,severity,5.992,0.235,12.826,True
cityD,ons,1.0,T2,50,132,severity_weighted,count_only,detour_pct,-0.725,-1.353,-0.22,True
cityD,ons,1.0,T2,100,132,severity_weighted,random_alternative,count,-33.144,-43.325,-24.175,True
cityD,ons,1.0,T2,100,132,severity_weighted,random_alternative,severity,-219.021,-286.076,-162.209,True
cityD,ons,1.0,T2,100,132,severity_weighted,random_alternative,detour_pct,-5.068,-6.72,-3.764,True
cityD,ons,1.0,T2,100,132,severity_weighted,count_only,count,2.667,0.879,5.061,True
cityD,ons,1.0,T2,100,132,severity_weighted,count_only,severity,12.303,3.962,23.064,True
cityD,ons,1.0,T2,100,132,severity_weighted,count_only,detour_pct,-0.725,-1.353,-0.22,True
cityD,ons,1.0,T1,50,132,severity_weighted,random_alternative,count,-35.321,-46.432,-25.273,True
cityD,ons,1.0,T1,50,132,severity_weighted,random_alternative,severity,-247.568,-322.864,-178.629,True
cityD,ons,1.0,T1,50,132,severity_weighted,random_alternative,detour_pct,-5.068,-6.72,-3.764,True
cityD,ons,1.0,T1,50,132,severity_weighted,count_only,count,1.894,-0.235,4.318,False
cityD,ons,1.0,T1,50,132,severity_weighted,count_only,severity,4.78,-9.266,17.852,False
cityD,ons,1.0,T1,50,132,severity_weighted,count_only,detour_pct,-0.725,-1.353,-0.22,True
cityD,ons,1.0,T1,100,132,severity_weighted,random_alternative,count,-68.077,-88.493,-50.134,True
cityD,ons,1.0,T1,100,132,severity_weighted,random_alternative,severity,-469.063,-604.453,-350.867,True
cityD,ons,1.0,T1,100,132,severity_weighted,random_alternative,detour_pct,-5.068,-6.72,-3.764,True
cityD,ons,1.0,T1,100,132,severity_weighted,count_only,count,4.545,1.651,8.129,True
cityD,ons,1.0,T1,100,132,severity_weighted,count_only,severity,11.341,-3.169,28.526,False
cityD,ons,1.0,T1,100,132,severity_weighted,count_only,detour_pct,-0.725,-1.353,-0.22,True
cityD,ons,5.0,T2,50,132,severity_weighted,random_alternative,count,-17.341,-22.941,-12.376,True
cityD,ons,5.0,T2,50,132,severity_weighted,random_alternative,severity,-115.938,-153.286,-83.343,True
cityD,ons,5.0,T2,50,132,severity_weighted,random_alternative,detour_pct,-2.993,-4.805,-1.574,True
cityD,ons,5.0,T2,50,132,severity_weighted,count_only,count,0.727,-0.902,2.265,False
cityD,ons,5.0,T2,50,132,severity_weighted,count_only,severity,4.394,-2.281,11.417,False
cityD,ons,5.0,T2,50,132,severity_weighted,count_only,detour_pct,-0.073,-0.485,0.325,False
cityD,ons,5.0,T2,100,132,severity_weighted,random_alternative,count,-35.318,-45.178,-26.549,True
cityD,ons,5.0,T2,100,132,severity_weighted,random_alternative,severity,-231.506,-296.311,-176.692,True
cityD,ons,5.0,T2,100,132,severity_weighted,random_alternative,detour_pct,-2.993,-4.805,-1.574,True
cityD,ons,5.0,T2,100,132,severity_weighted,count_only,count,0.508,-0.492,1.682,False
cityD,ons,5.0,T2,100,132,severity_weighted,count_only,severity,2.788,-2.518,8.727,False
cityD,ons,5.0,T2,100,132,severity_weighted,count_only,detour_pct,-0.073,-0.485,0.325,False
cityD,ons,5.0,T1,50,132,severity_weighted,random_alternative,count,-36.851,-47.674,-26.982,True
cityD,ons,5.0,T1,50,132,severity_weighted,random_alternative,severity,-257.053,-330.673,-189.108,True
cityD,ons,5.0,T1,50,132,severity_weighted,random_alternative,detour_pct,-2.993,-4.805,-1.574,True
cityD,ons,5.0,T1,50,132,severity_weighted,count_only,count,2.076,-0.425,4.811,False
cityD,ons,5.0,T1,50,132,severity_weighted,count_only,severity,6.083,-6.447,17.662,False
cityD,ons,5.0,T1,50,132,severity_weighted,count_only,detour_pct,-0.073,-0.485,0.325,False
cityD,ons,5.0,T1,100,132,severity_weighted,random_alternative,count,-73.403,-92.739,-56.388,True
cityD,ons,5.0,T1,100,132,severity_weighted,random_alternative,severity,-499.396,-629.242,-387.081,True
cityD,ons,5.0,T1,100,132,severity_weighted,random_alternative,detour_pct,-2.993,-4.805,-1.574,True
cityD,ons,5.0,T1,100,132,severity_weighted,count_only,count,1.727,0.523,3.175,True
cityD,ons,5.0,T1,100,132,severity_weighted,count_only,severity,-5.432,-10.788,-0.932,True
cityD,ons,5.0,T1,100,132,severity_weighted,count_only,detour_pct,-0.073,-0.485,0.325,False
