city,scheme,scale_m_per_point,subset,strategy,n_od,mean_exposure,diff_vs_shortest,ci_lo,ci_hi,pct_change_vs_shortest,diff_vs_count_only,vs_count_ci_lo,vs_count_ci_hi
cityA,hand,0.2,robbery_only,shortest,144,7.042,0.0,0.0,0.0,0.0,,,
cityA,hand,0.2,robbery_only,random_alternative,144,7.066,0.024,-0.718,0.71,0.345,,,
cityA,hand,0.2,robbery_only,count_only,144,5.361,-1.681,-2.806,-0.715,-23.866,,,
cityA,hand,0.2,robbery_only,severity_weighted,144,5.361,-1.681,-2.806,-0.715,-23.866,0.0,0.0,0.0
cityA,hand,0.2,robbery+assault,shortest,144,66.903,0.0,0.0,0.0,0.0,,,
cityA,hand,0.2,robbery+assault,random_alternative,144,71.123,4.22,-0.641,8.816,6.308,,,
cityA,hand,0.2,robbery+assault,count_only,144,54.104,-12.799,-20.536,-6.283,-19.13,,,
cityA,hand,0.2,robbery+assault,severity_weighted,144,54.104,-12.799,-20.536,-6.283,-19.13,0.0,0.0,0.0
cityA,hand,1.0,robbery_only,shortest,144,7.042,0.0,0.0,0.0,0.0,,,
cityA,hand,1.0,robbery_only,random_alternative,144,7.066,0.024,-0.718,0.71,0.345,,,
cityA,hand,1.0,robbery_only,count_only,144,5.125,-1.917,-3.07,-0.937,-27.219,,,
cityA,hand,1.0,robbery_only,severity_weighted,144,5.146,-1.896,-3.049,-0.916,-26.923,0.021,-0.028,0.09
cityA,hand,1.0,robbery+assault,shortest,144,66.903,0.0,0.0,0.0,0.0,,,
cityA,hand,1.0,robbery+assault,random_alternative,144,71.123,4.22,-0.641,8.816,6.308,,,
cityA,hand,1.0,robbery+assault,count_only,144,53.188,-13.715,-21.614,-7.041,-20.5,,,
cityA,hand,1.0,robbery+assault,severity_weighted,144,53.34,-13.562,-21.46,-6.86,-20.272,0.153,-0.229,0.709
cityA,hand,5.0,robbery_only,shortest,144,7.042,0.0,0.0,0.0,0.0,,,
cityA,hand,5.0,robbery_only,random_alternative,144,7.066,0.024,-0.718,0.71,0.345,,,
cityA,hand,5.0,robbery_only,count_only,144,4.993,-2.049,-3.195,-1.056,-29.093,,,
cityA,hand,5.0,robbery_only,severity_weighted,144,5.014,-2.028,-3.188,-1.035,-28.797,0.021,0.0,0.062
cityA,hand,5.0,robbery+assault,shortest,144,66.903,0.0,0.0,0.0,0.0,,,
cityA,hand,5.0,robbery+assault,random_alternative,144,71.123,4.22,-0.641,8.816,6.308,,,
cityA,hand,5.0,robbery+assault,count_only,144,52.965,-13.938,-21.743,-7.215,-20.832,,,
cityA,hand,5.0,robbery+assault,severity_weighted,144,52.882,-14.021,-21.862,-7.283,-20.957,-0.083,-0.292,0.042
cityB,hand,0.2,robbery_only,shortest,142,1.303,0.0,0.0,0.0,0.0,,,
cityB,hand,0.2,robbery_only,random_alternative,142,1.281,-0.022,-0.229,0.169,-1.712,,,
cityB,hand,0.2,robbery_only,count_only,142,0.944,-0.359,-0.634,-0.141,-27.568,,,
cityB,hand,0.2,robbery_only,severity_weighted,142,0.873,-0.43,-0.711,-0.19,-32.973,-0.07,-0.169,0.0
cityB,hand,0.2,robbery+assault,shortest,142,24.521,0.0,0.0,0.0,0.0,,,
cityB,hand,0.2,robbery+assault,random_alternative,142,24.202,-0.319,-2.637,1.767,-1.302,,,
cityB,hand,0.2,robbery+assault,count_only,142,19.261,-5.261,-8.268,-2.796,-21.453,,,
cityB,hand,0.2,robbery+assault,severity_weighted,142,18.549,-5.972,-9.043,-3.401,-24.354,-0.711,-1.669,0.0
cityB,hand,1.0,robbery_only,shortest,142,1.303,0.0,0.0,0.0,0.0,,,
cityB,hand,1.0,robbery_only,random_alternative,142,1.281,-0.022,-0.229,0.169,-1.712,,,
cityB,hand,1.0,robbery_only,count_only,142,0.838,-0.465,-0.775,-0.204,-35.676,,,
cityB,hand,1.0,robbery_only,severity_weighted,142,0.845,-0.458,-0.761,-0.204,-35.135,0.007,0.0,0.021
cityB,hand,1.0,robbery+assault,shortest,142,24.521,0.0,0.0,0.0,0.0,,,
cityB,hand,1.0,robbery+assault,random_alternative,142,24.202,-0.319,-2.637,1.767,-1.302,,,
cityB,hand,1.0,robbery+assault,count_only,142,17.514,-7.007,-10.134,-4.19,-28.576,,,
cityB,hand,1.0,robbery+assault,severity_weighted,142,17.373,-7.148,-10.276,-4.253,-29.15,-0.141,-0.57,0.211
cityB,hand,5.0,robbery_only,shortest,142,1.303,0.0,0.0,0.0,0.0,,,
cityB,hand,5.0,robbery_only,random_alternative,142,1.281,-0.022,-0.229,0.169,-1.712,,,
cityB,hand,5.0,robbery_only,count_only,142,0.838,-0.465,-0.775,-0.204,-35.676,,,
cityB,hand,5.0,robbery_only,severity_weighted,142,0.838,-0.465,-0.775,-0.204,-35.676,0.0,0.0,0.0
cityB,hand,5.0,robbery+assault,shortest,142,24.521,0.0,0.0,0.0,0.0,,,
cityB,hand,5.0,robbery+assault,random_alternative,142,24.202,-0.319,-2.637,1.767,-1.302,,,
cityB,hand,5.0,robbery+assault,count_only,142,17.472,-7.049,-10.183,-4.211,-28.748,,,
cityB,hand,5.0,robbery+assault,severity_weighted,142,17.289,-7.232,-10.423,-4.317,-29.495,-0.183,-0.528,0.0
cityC,hand,0.2,robbery_only,shortest,150,5.487,0.0,0.0,0.0,0.0,,,
cityC,hand,0.2,robbery_only,random_alternative,150,5.638,0.151,-0.278,0.569,2.754,,,
cityC,hand,0.2,robbery_only,count_only,150,4.453,-1.033,-1.547,-0.573,-18.834,,,
cityC,hand,0.2,robbery_only,severity_weighted,150,4.467,-1.02,-1.533,-0.553,-18.591,0.013,0.0,0.033
cityC,hand,0.2,robbery+assault,shortest,150,81.567,0.0,0.0,0.0,0.0,,,
cityC,hand,0.2,robbery+assault,random_alternative,150,84.113,2.547,-4.252,9.736,3.122,,,
cityC,hand,0.2,robbery+assault,count_only,150,63.02,-18.547,-27.794,-10.192,-22.738,,,
cityC,hand,0.2,robbery+assault,severity_weighted,150,62.987,-18.58,-27.853,-10.18,-22.779,-0.033,-0.2,0.107
cityC,hand,1.0,robbery_only,shortest,150,5.487,0.0,0.0,0.0,0.0,,,
cityC,hand,1.0,robbery_only,random_alternative,150,5.638,0.151,-0.278,0.569,2.754,,,
cityC,hand,1.0,robbery_only,count_only,150,4.447,-1.04,-1.56,-0.567,-18.955,,,
cityC,hand,1.0,robbery_only,severity_weighted,150,4.467,-1.02,-1.54,-0.553,-18.591,0.02,0.0,0.06
cityC,hand,1.0,robbery+assault,shortest,150,81.567,0.0,0.0,0.0,0.0,,,
cityC,hand,1.0,robbery+assault,random_alternative,150,84.113,2.547,-4.252,9.736,3.122,,,
cityC,hand,1.0,robbery+assault,count_only,150,61.567,-20.0,-29.141,-11.726,-24.52,,,
cityC,hand,1.0,robbery+assault,severity_weighted,150,61.633,-19.933,-29.081,-11.619,-24.438,0.067,0.0,0.2
cityC,hand,5.0,robbery_only,shortest,150,5.487,0.0,0.0,0.0,0.0,,,
cityC,hand,5.0,robbery_only,random_alternative,150,5.638,0.151,-0.278,0.569,2.754,,,
cityC,hand,5.0,robbery_only,count_only,150,4.493,-0.993,-1.52,-0.52,-18.104,,,
cityC,hand,5.0,robbery_only,severity_weighted,150,4.493,-0.993,-1.52,-0.52,-18.104,0.0,0.0,0.0
cityC,hand,5.0,robbery+assault,shortest,150,81.567,0.0,0.0,0.0,0.0,,,
cityC,hand,5.0,robbery+assault,random_alternative,150,84.113,2.547,-4.252,9.736,3.122,,,
cityC,hand,5.0,robbery+assault,count_only,150,61.973,-19.593,-28.835,-11.151,-24.021,,,
cityC,hand,5.0,robbery+assault,severity_weighted,150,61.927,-19.64,-28.842,-11.112,-24.078,-0.047,-0.26,0.081
cityD,hand,0.2,robbery_only,shortest,132,1.129,0.0,0.0,0.0,0.0,,,
cityD,hand,0.2,robbery_only,random_alternative,132,1.284,0.155,-0.018,0.336,13.758,,,
cityD,hand,0.2,robbery_only,count_only,132,0.902,-0.227,-0.394,-0.083,-20.134,,,
cityD,hand,0.2,robbery_only,severity_weighted,132,0.947,-0.182,-0.333,-0.045,-16.107,0.045,0.0,0.114
cityD,hand,0.2,robbery+assault,shortest,132,30.485,0.0,0.0,0.0,0.0,,,
cityD,hand,0.2,robbery+assault,random_alternative,132,31.227,0.742,-1.843,3.209,2.435,,,
cityD,hand,0.2,robbery+assault,count_only,132,23.591,-6.894,-10.826,-3.56,-22.614,,,
cityD,hand,0.2,robbery+assault,severity_weighted,132,23.167,-7.318,-11.326,-3.939,-24.006,-0.424,-0.932,0.015
cityD,hand,1.0,robbery_only,shortest,132,1.129,0.0,0.0,0.0,0.0,,,
cityD,hand,1.0,robbery_only,random_alternative,132,1.284,0.155,-0.018,0.336,13.758,,,
cityD,hand,1.0,robbery_only,count_only,132,0.886,-0.242,-0.439,-0.053,-21.477,,,
cityD,hand,1.0,robbery_only,severity_weighted,132,0.841,-0.288,-0.47,-0.129,-25.503,-0.045,-0.136,0.0
cityD,hand,1.0,robbery+assault,shortest,132,30.485,0.0,0.0,0.0,0.0,,,
cityD,hand,1.0,robbery+assault,random_alternative,132,31.227,0.742,-1.843,3.209,2.435,,,
cityD,hand,1.0,robbery+assault,count_only,132,22.515,-7.97,-11.924,-4.537,-26.143,,,
cityD,hand,1.0,robbery+assault,severity_weighted,132,22.5,-7.985,-11.932,-4.545,-26.193,-0.015,-0.045,0.0
cityD,hand,5.0,robbery_only,shortest,132,1.129,0.0,0.0,0.0,0.0,,,
cityD,hand,5.0,robbery_only,random_alternative,132,1.284,0.155,-0.018,0.336,13.758,,,
cityD,hand,5.0,robbery_only,count_only,132,0.818,-0.311,-0.545,-0.076,-27.517,,,
cityD,hand,5.0,robbery_only,severity_weighted,132,0.841,-0.288,-0.477,-0.114,-25.503,0.023,-0.129,0.189
cityD,hand,5.0,robbery+assault,shortest,132,30.485,0.0,0.0,0.0,0.0,,,
cityD,hand,5.0,robbery+assault,random_alternative,132,31.227,0.742,-1.843,3.209,2.435,,,
cityD,hand,5.0,robbery+assault,count_only,132,22.22,-8.265,-12.159,-4.795,-27.112,,,
cityD,hand,5.0,robbery+assault,severity_weighted,132,22.22,-8.265,-12.175,-4.758,-27.112,0.0,-0.288,0.326
cityA,ons,0.2,robbery_only,shortest,144,7.042,0.0,0.0,0.0,0.0,,,
cityA,ons,0.2,robbery_only,random_alternative,144,7.066,0.024,-0.718,0.71,0.345,,,
cityA,ons,0.2,robbery_only,count_only,144,5.34,-1.701,-2.833,-0.764,-24.162,,,
cityA,ons,0.2,robbery_only,severity_weighted,144,5.444,-1.597,-2.702,-0.694,-22.682,0.104,-0.014,0.326
cityA,ons,0.2,robbery+assault,shortest,144,66.903,0.0,0.0,0.0,0.0,,,
cityA,ons,0.2,robbery+assault,random_alternative,144,71.123,4.22,-0.641,8.816,6.308,,,
cityA,ons,0.2,robbery+assault,count_only,144,55.375,-11.528,-19.245,-5.048,-17.231,,,
cityA,ons,0.2,robbery+assault,severity_weighted,144,55.75,-11.153,-18.778,-4.986,-16.67,0.375,-0.701,2.063
cityA,ons,1.0,robbery_only,shortest,144,7.042,0.0,0.0,0.0,0.0,,,
cityA,ons,1.0,robbery_only,random_alternative,144,7.066,0.024,-0.718,0.71,0.345,,,
cityA,ons,1.0,robbery_only,count_only,144,5.306,-1.736,-2.917,-0.743,-24.655,,,
cityA,ons,1.0,robbery_only,severity_weighted,144,5.347,-1.694,-2.847,-0.701,-24.063,0.042,-0.062,0.208
cityA,ons,1.0,robbery+assault,shortest,144,66.903,0.0,0.0,0.0,0.0,,,
cityA,ons,1.0,robbery+assault,random_alternative,144,71.123,4.22,-0.641,8.816,6.308,,,
cityA,ons,1.0,robbery+assault,count_only,144,53.556,-13.347,-21.258,-6.701,-19.95,,,
cityA,ons,1.0,robbery+assault,severity_weighted,144,53.375,-13.528,-21.445,-6.965,-20.22,-0.181,-0.799,0.333
cityA,ons,5.0,robbery_only,shortest,144,7.042,0.0,0.0,0.0,0.0,,,
cityA,ons,5.0,robbery_only,random_alternative,144,7.066,0.024,-0.718,0.71,0.345,,,
cityA,ons,5.0,robbery_only,count_only,144,5.056,-1.986,-3.132,-0.993,-28.205,,,
cityA,ons,5.0,robbery_only,severity_weighted,144,5.125,-1.917,-3.077,-0.923,-27.219,0.069,-0.125,0.271
cityA,ons,5.0,robbery+assault,shortest,144,66.903,0.0,0.0,0.0,0.0,,,
cityA,ons,5.0,robbery+assault,random_alternative,144,71.123,4.22,-0.641,8.816,6.308,,,
cityA,ons,5.0,robbery+assault,count_only,144,53.229,-13.674,-21.549,-6.999,-20.438,,,
cityA,ons,5.0,robbery+assault,severity_weighted,144,52.708,-14.194,-21.948,-7.458,-21.217,-0.521,-1.327,0.271
cityB,ons,0.2,robbery_only,shortest,142,1.303,0.0,0.0,0.0,0.0,,,
cityB,ons,0.2,robbery_only,random_alternative,142,1.281,-0.022,-0.229,0.169,-1.712,,,
cityB,ons,0.2,robbery_only,count_only,142,0.979,-0.324,-0.585,-0.113,-24.865,,,
cityB,ons,0.2,robbery_only,severity_weighted,142,1.014,-0.289,-0.549,-0.098,-22.162,0.035,0.0,0.106
cityB,ons,0.2,robbery+assault,shortest,142,24.521,0.0,0.0,0.0,0.0,,,
cityB,ons,0.2,robbery+assault,random_alternative,142,24.202,-0.319,-2.637,1.767,-1.302,,,
cityB,ons,0.2,robbery+assault,count_only,142,20.127,-4.394,-7.261,-2.077,-17.921,,,
cityB,ons,0.2,robbery+assault,severity_weighted,142,20.106,-4.415,-7.226,-2.119,-18.007,-0.021,-0.486,0.423
cityB,ons,1.0,robbery_only,shortest,142,1.303,0.0,0.0,0.0,0.0,,,
cityB,ons,1.0,robbery_only,random_alternative,142,1.281,-0.022,-0.229,0.169,-1.712,,,
cityB,ons,1.0,robbery_only,count_only,142,0.838,-0.465,-0.775,-0.204,-35.676,,,
cityB,ons,1.0,robbery_only,severity_weighted,142,0.831,-0.472,-0.775,-0.218,-36.216,-0.007,-0.035,0.014
cityB,ons,1.0,robbery+assault,shortest,142,24.521,0.0,0.0,0.0,0.0,,,
cityB,ons,1.0,robbery+assault,random_alternative,142,24.202,-0.319,-2.637,1.767,-1.302,,,
cityB,ons,1.0,robbery+assault,count_only,142,17.408,-7.113,-10.197,-4.289,-29.006,,,
cityB,ons,1.0,robbery+assault,severity_weighted,142,17.268,-7.254,-10.451,-4.458,-29.581,-0.141,-0.571,0.197
cityB,ons,5.0,robbery_only,shortest,142,1.303,0.0,0.0,0.0,0.0,,,
cityB,ons,5.0,robbery_only,random_alternative,142,1.281,-0.022,-0.229,0.169,-1.712,,,
cityB,ons,5.0,robbery_only,count_only,142,0.838,-0.465,-0.775,-0.204,-35.676,,,
cityB,ons,5.0,robbery_only,severity_weighted,142,0.845,-0.458,-0.761,-0.204,-35.135,0.007,0.0,0.021
cityB,ons,5.0,robbery+assault,shortest,142,24.521,0.0,0.0,0.0,0.0,,,
cityB,ons,5.0,robbery+assault,random_alternative,142,24.202,-0.319,-2.637,1.767,-1.302,,,
cityB,ons,5.0,robbery+assault,count_only,142,17.493,-7.028,-10.162,-4.183,-28.662,,,
cityB,ons,5.0,robbery+assault,severity_weighted,142,17.239,-7.282,-10.444,-4.366,-29.696,-0.254,-0.648,-0.007
cityC,ons,0.2,robbery_only,shortest,150,5.487,0.0,0.0,0.0,0.0,,,
cityC,ons,0.2,robbery_only,random_alternative,150,5.638,0.151,-0.278,0.569,2.754,,,
cityC,ons,0.2,robbery_only,count_only,150,4.58,-0.907,-1.407,-0.467,-16.525,,,
cityC,ons,0.2,robbery_only,severity_weighted,150,4.58,-0.907,-1.4,-0.467,-16.525,0.0,-0.067,0.073
cityC,ons,0.2,robbery+assault,shortest,150,81.567,0.0,0.0,0.0,0.0,,,
cityC,ons,0.2,robbery+assault,random_alternative,150,84.113,2.547,-4.252,9.736,3.122,,,
cityC,ons,0.2,robbery+assault,count_only,150,64.38,-17.187,-26.214,-8.947,-21.071,,,
cityC,ons,0.2,robbery+assault,severity_weighted,150,64.38,-17.187,-26.334,-8.867,-21.071,0.0,-0.333,0.327
cityC,ons,1.0,robbery_only,shortest,150,5.487,0.0,0.0,0.0,0.0,,,
cityC,ons,1.0,robbery_only,random_alternative,150,5.638,0.151,-0.278,0.569,2.754,,,
cityC,ons,1.0,robbery_only,count_only,150,4.453,-1.033,-1.553,-0.56,-18.834,,,
cityC,ons,1.0,robbery_only,severity_weighted,150,4.473,-1.013,-1.534,-0.547,-18.469,0.02,0.0,0.06
cityC,ons,1.0,robbery+assault,shortest,150,81.567,0.0,0.0,0.0,0.0,,,
cityC,ons,1.0,robbery+assault,random_alternative,150,84.113,2.547,-4.252,9.736,3.122,,,
cityC,ons,1.0,robbery+assault,count_only,150,61.707,-19.86,-28.994,-11.56,-24.348,,,
cityC,ons,1.0,robbery+assault,severity_weighted,150,61.933,-19.633,-28.787,-11.366,-24.07,0.227,0.04,0.467
cityC,ons,5.0,robbery_only,shortest,150,5.487,0.0,0.0,0.0,0.0,,,
cityC,ons,5.0,robbery_only,random_alternative,150,5.638,0.151,-0.278,0.569,2.754,,,
cityC,ons,5.0,robbery_only,count_only,150,4.493,-0.993,-1.52,-0.52,-18.104,,,
cityC,ons,5.0,robbery_only,severity_weighted,150,4.433,-1.053,-1.587,-0.58,-19.198,-0.06,-0.127,-0.007
cityC,ons,5.0,robbery+assault,shortest,150,81.567,0.0,0.0,0.0,0.0,,,
cityC,ons,5.0,robbery+assault,random_alternative,150,84.113,2.547,-4.252,9.736,3.122,,,
cityC,ons,5.0,robbery+assault,count_only,150,62.087,-19.48,-28.72,-11.05,-23.882,,,
cityC,ons,5.0,robbery+assault,severity_weighted,150,61.5,-20.067,-29.227,-11.793,-24.602,-0.587,-1.88,0.4
cityD,ons,0.2,robbery_only,shortest,132,1.129,0.0,0.0,0.0,0.0,,,
cityD,ons,0.2,robbery_only,random_alternative,132,1.284,0.155,-0.018,0.336,13.758,,,
cityD,ons,0.2,robbery_only,count_only,132,0.924,-0.205,-0.356,-0.076,-18.121,,,
cityD,ons,0.2,robbery_only,severity_weighted,132,0.924,-0.205,-0.356,-0.076,-18.121,0.0,0.0,0.0
cityD,ons,0.2,robbery+assault,shortest,132,30.485,0.0,0.0,0.0,0.0,,,
cityD,ons,0.2,robbery+assault,random_alternative,132,31.227,0.742,-1.843,3.209,2.435,,,
cityD,ons,0.2,robbery+assault,count_only,132,23.833,-6.652,-10.614,-3.341,-21.819,,,
cityD,ons,0.2,robbery+assault,severity_weighted,132,24.106,-6.379,-10.441,-3.06,-20.924,0.273,-0.015,0.743
cityD,ons,1.0,robbery_only,shortest,132,1.129,0.0,0.0,0.0,0.0,,,
cityD,ons,1.0,robbery_only,random_alternative,132,1.284,0.155,-0.018,0.336,13.758,,,
cityD,ons,1.0,robbery_only,count_only,132,0.894,-0.235,-0.402,-0.091,-20.805,,,
cityD,ons,1.0,robbery_only,severity_weighted,132,0.977,-0.152,-0.333,0.015,-13.423,0.083,-0.023,0.227
cityD,ons,1.0,robbery+assault,shortest,132,30.485,0.0,0.0,0.0,0.0,,,
cityD,ons,1.0,robbery+assault,random_alternative,132,31.227,0.742,-1.843,3.209,2.435,,,
cityD,ons,1.0,robbery+assault,count_only,132,22.606,-7.879,-11.841,-4.439,-25.845,,,
cityD,ons,1.0,robbery+assault,severity_weighted,132,22.947,-7.538,-11.478,-4.068,-24.727,0.341,-0.023,0.773
cityD,ons,5.0,robbery_only,shortest,132,1.129,0.0,0.0,0.0,0.0,,,
cityD,ons,5.0,robbery_only,random_alternative,132,1.284,0.155,-0.018,0.336,13.758,,,
cityD,ons,5.0,robbery_only,count_only,132,0.879,-0.25,-0.447,-0.053,-22.148,,,
cityD,ons,5.0,robbery_only,severity_weighted,132,0.932,-0.197,-0.379,-0.015,-17.45,0.053,-0.106,0.227
cityD,ons,5.0,robbery+assault,shortest,132,30.485,0.0,0.0,0.0,0.0,,,
cityD,ons,5.0,robbery+assault,random_alternative,132,31.227,0.742,-1.843,3.209,2.435,,,
cityD,ons,5.0,robbery+assault,count_only,132,22.356,-8.129,-12.053,-4.636,-26.665,,,
cityD,ons,5.0,robbery+assault,severity_weighted,132,22.629,-7.856,-11.773,-4.431,-25.77,0.273,-0.106,0.682
