city,od_id,o_lat,o_lng,d_lat,d_lng,straight_m
cityA,cityA_0000,52.952228,-1.152756,52.977707,-1.161171,2888.6
cityA,cityA_0001,52.955223,-1.150288,52.937772,-1.157035,1992.5
cityA,cityA_0002,52.980838,-1.116551,52.963112,-1.147769,2873.2
cityA,cityA_0003,52.936305,-1.201459,52.956333,-1.197476,2242.9
cityA,cityA_0004,52.938071,-1.18117,52.929424,-1.161324,1641.2
cityA,cityA_0005,52.951589,-1.127487,52.955833,-1.145558,1299.3
cityA,cityA_0006,52.954788,-1.143577,52.952496,-1.177932,2315.5
cityA,cityA_0007,52.981673,-1.113785,52.973172,-1.139522,1965.5
cityA,cityA_0008,52.934172,-1.180773,52.933257,-1.197446,1122.0
cityA,cityA_0009,52.970839,-1.186916,52.958002,-1.1628,2155.5
cityA,cityA_0010,52.934091,-1.165184,52.939295,-1.17868,1073.7
cityA,cityA_0011,52.92989,-1.116736,52.940674,-1.139811,1956.9
cityA,cityA_0012,52.951868,-1.197395,52.937318,-1.169831,2455.4
cityA,cityA_0013,52.980747,-1.14407,52.965126,-1.150551,1790.3
cityA,cityA_0014,52.953841,-1.137493,52.945021,-1.113457,1885.5
cityA,cityA_0015,52.967603,-1.13989,52.970636,-1.120999,1309.3
cityA,cityA_0016,52.950326,-1.132126,52.974428,-1.151591,2980.2
cityA,cityA_0017,52.961548,-1.168619,52.959265,-1.148367,1380.0
cityA,cityA_0018,52.967123,-1.168074,52.967492,-1.150863,1153.3
cityA,cityA_0019,52.951588,-1.12785,52.932324,-1.135731,2206.2
cityA,cityA_0020,52.96551,-1.158346,52.960983,-1.12051,2583.6
cityA,cityA_0021,52.951664,-1.12308,52.945456,-1.143269,1518.6
cityA,cityA_0022,52.975335,-1.168433,52.959288,-1.174506,1830.1
cityA,cityA_0023,52.952135,-1.1782,52.93936,-1.16579,1646.0
cityA,cityA_0024,52.96159,-1.158648,52.94483,-1.127783,2783.6
cityA,cityA_0025,52.952361,-1.200589,52.972602,-1.181576,2586.0
cityA,cityA_0026,52.961818,-1.144239,52.971399,-1.117114,2105.9
cityA,cityA_0027,52.964763,-1.184979,52.953458,-1.186825,1263.1
cityA,cityA_0028,52.942507,-1.171891,52.965455,-1.156274,2757.8
cityA,cityA_0029,52.96098,-1.135195,52.94905,-1.132001,1343.7
cityA,cityA_0030,52.97879,-1.161345,52.962971,-1.184482,2344.0
cityA,cityA_0031,52.956796,-1.132104,52.945101,-1.121447,1483.5
cityA,cityA_0032,52.955692,-1.138113,52.973159,-1.14117,1952.9
cityA,cityA_0033,52.97887,-1.158763,52.979054,-1.195109,2433.5
cityA,cityA_0034,52.939756,-1.155716,52.943469,-1.137641,1279.6
cityA,cityA_0035,52.962299,-1.156063,52.973356,-1.152739,1249.4
cityA,cityA_0036,52.958741,-1.184834,52.956739,-1.157816,1823.4
cityA,cityA_0037,52.949432,-1.131184,52.958195,-1.158901,2096.9
cityA,cityA_0038,52.965113,-1.196909,52.956891,-1.165809,2274.9
cityA,cityA_0039,52.953533,-1.174441,52.938138,-1.14756,2484.8
cityA,cityA_0040,52.977765,-1.191226,52.969882,-1.200763,1084.5
cityA,cityA_0041,52.946989,-1.147393,52.933464,-1.137458,1644.7
cityA,cityA_0042,52.93443,-1.157164,52.94133,-1.185123,2024.7
cityA,cityA_0043,52.962277,-1.155452,52.973768,-1.148113,1369.0
cityA,cityA_0044,52.972737,-1.165106,52.970457,-1.191535,1787.8
cityA,cityA_0045,52.95759,-1.156775,52.958512,-1.189698,2207.7
cityA,cityA_0046,52.952752,-1.134434,52.945449,-1.161054,1959.6
cityA,cityA_0047,52.955626,-1.164351,52.96025,-1.201616,2548.6
cityA,cityA_0048,52.965852,-1.125851,52.961787,-1.166637,2768.8
cityA,cityA_0049,52.960179,-1.157717,52.980865,-1.130849,2920.3
cityA,cityA_0050,52.971791,-1.166536,52.976213,-1.124142,2880.9
cityA,cityA_0051,52.965319,-1.134206,52.969122,-1.166526,2205.4
cityA,cityA_0052,52.963427,-1.15188,52.956586,-1.16797,1319.1
cityA,cityA_0053,52.981794,-1.145381,52.965668,-1.1347,1930.5
cityA,cityA_0054,52.941658,-1.166901,52.930525,-1.185327,1748.6
cityA,cityA_0055,52.957503,-1.157401,52.980025,-1.152023,2530.1
cityA,cityA_0056,52.960803,-1.197566,52.978845,-1.165189,2953.9
cityA,cityA_0057,52.956245,-1.149354,52.947541,-1.177254,2104.8
cityA,cityA_0058,52.963176,-1.152678,52.943111,-1.138736,2418.8
cityA,cityA_0059,52.936256,-1.135335,52.948858,-1.12256,1642.0
cityA,cityA_0060,52.966828,-1.160929,52.980656,-1.129787,2590.9
cityA,cityA_0061,52.960396,-1.192511,52.961509,-1.162061,2043.2
cityA,cityA_0062,52.938797,-1.198146,52.956317,-1.191685,1995.6
cityA,cityA_0063,52.951715,-1.143091,52.9524,-1.179366,2431.4
cityA,cityA_0064,52.959241,-1.165294,52.96981,-1.155349,1350.9
cityA,cityA_0065,52.947196,-1.178527,52.964792,-1.152299,2629.7
cityA,cityA_0066,52.95975,-1.146201,52.968481,-1.18583,2826.1
cityA,cityA_0067,52.929933,-1.197366,52.942431,-1.164788,2588.0
cityA,cityA_0068,52.932468,-1.142341,52.957534,-1.146379,2800.3
cityA,cityA_0069,52.947952,-1.160017,52.939174,-1.172073,1267.0
cityA,cityA_0070,52.971496,-1.147038,52.969313,-1.183743,2469.9
cityA,cityA_0071,52.950715,-1.179728,52.971533,-1.169816,2408.2
cityA,cityA_0072,52.958268,-1.159454,52.964808,-1.176081,1330.1
cityA,cityA_0073,52.971165,-1.175554,52.944951,-1.167077,2969.6
cityA,cityA_0074,52.957184,-1.152069,52.979986,-1.144582,2584.6
cityA,cityA_0075,52.955964,-1.134435,52.949097,-1.172599,2668.3
cityA,cityA_0076,52.980087,-1.142689,52.954458,-1.154762,2962.3
cityA,cityA_0077,52.96673,-1.139492,52.977209,-1.166092,2128.4
cityA,cityA_0078,52.972827,-1.123355,52.97952,-1.14556,1662.6
cityA,cityA_0079,52.956088,-1.139318,52.971122,-1.165108,2403.7
cityA,cityA_0080,52.948078,-1.187812,52.938836,-1.16481,1852.5
cityA,cityA_0081,52.929764,-1.193084,52.937765,-1.183368,1102.5
cityA,cityA_0082,52.937789,-1.177673,52.937116,-1.135079,2855.4
cityA,cityA_0083,52.947864,-1.131568,52.966318,-1.148617,2348.3
cityA,cityA_0084,52.936294,-1.188772,52.945177,-1.179608,1163.2
cityA,cityA_0085,52.942191,-1.155009,52.935935,-1.133928,1574.7
cityA,cityA_0086,52.953726,-1.160901,52.979397,-1.150355,2940.6
cityA,cityA_0087,52.957142,-1.155805,52.936308,-1.128418,2955.3
cityA,cityA_0088,52.944616,-1.175019,52.931905,-1.17547,1413.7
cityA,cityA_0089,52.96614,-1.181569,52.958262,-1.161847,1585.0
cityA,cityA_0090,52.961068,-1.176839,52.948103,-1.154545,2075.7
cityA,cityA_0091,52.943903,-1.172637,52.948979,-1.143198,2051.6
cityA,cityA_0092,52.941648,-1.184925,52.967298,-1.173352,2955.6
cityA,cityA_0093,52.978832,-1.152485,52.966885,-1.17315,1918.2
cityA,cityA_0094,52.936283,-1.191705,52.949769,-1.196302,1531.0
cityA,cityA_0095,52.977513,-1.164625,52.955425,-1.144936,2787.7
cityA,cityA_0096,52.980825,-1.132203,52.963452,-1.148391,2215.1
cityA,cityA_0097,52.928801,-1.173207,52.946281,-1.144625,2728.8
cityA,cityA_0098,52.95893,-1.140479,52.945576,-1.119742,2033.5
cityA,cityA_0099,52.943383,-1.122607,52.940807,-1.151522,1958.6
cityA,cityA_0100,52.972661,-1.18621,52.957384,-1.195981,1820.4
cityA,cityA_0101,52.963352,-1.175296,52.964047,-1.136851,2576.0
cityA,cityA_0102,52.958474,-1.17311,52.962452,-1.199415,1816.6
cityA,cityA_0103,52.953175,-1.166019,52.961485,-1.141176,1903.4
cityA,cityA_0104,52.968734,-1.135597,52.954033,-1.113881,2188.1
cityA,cityA_0105,52.958362,-1.121871,52.956202,-1.155865,2289.7
cityA,cityA_0106,52.966981,-1.122328,52.967328,-1.149382,1812.2
cityA,cityA_0107,52.968402,-1.175555,52.959846,-1.19656,1698.3
cityA,cityA_0108,52.93452,-1.162842,52.954942,-1.167333,2290.7
cityA,cityA_0109,52.94434,-1.16744,52.940537,-1.196681,2004.5
cityA,cityA_0110,52.97701,-1.116397,52.963748,-1.125336,1591.5
cityA,cityA_0111,52.950556,-1.13081,52.939776,-1.136052,1249.0
cityA,cityA_0112,52.958407,-1.122035,52.933122,-1.131963,2889.2
cityA,cityA_0113,52.940972,-1.176045,52.945337,-1.1972,1498.3
cityA,cityA_0114,52.976227,-1.185322,52.973048,-1.171139,1013.4
cityA,cityA_0115,52.938709,-1.146264,52.938141,-1.124113,1485.8
cityA,cityA_0116,52.942749,-1.14559,52.932659,-1.114917,2341.8
cityA,cityA_0117,52.951579,-1.15557,52.956464,-1.198746,2943.0
cityA,cityA_0118,52.942872,-1.153799,52.937863,-1.122605,2163.3
cityA,cityA_0119,52.957824,-1.14514,52.94722,-1.143951,1181.9
cityA,cityA_0120,52.970082,-1.156604,52.955104,-1.127221,2578.1
cityA,cityA_0121,52.96475,-1.156265,52.979183,-1.187251,2623.1
cityA,cityA_0122,52.969901,-1.188033,52.960636,-1.18176,1112.6
cityA,cityA_0123,52.951583,-1.133691,52.970274,-1.132073,2081.2
cityA,cityA_0124,52.928761,-1.158448,52.95127,-1.163314,2524.1
cityA,cityA_0125,52.941999,-1.131412,52.931717,-1.121687,1316.1
cityA,cityA_0126,52.95852,-1.154235,52.970547,-1.181525,2264.7
cityA,cityA_0127,52.961345,-1.155824,52.942095,-1.150171,2173.7
cityA,cityA_0128,52.931102,-1.16609,52.947479,-1.183459,2161.2
cityA,cityA_0129,52.949018,-1.176153,52.95072,-1.195962,1340.6
cityA,cityA_0130,52.940213,-1.180163,52.957602,-1.181194,1934.8
cityA,cityA_0131,52.939431,-1.171741,52.937715,-1.15367,1226.0
cityA,cityA_0132,52.936649,-1.184594,52.939381,-1.160987,1611.0
cityA,cityA_0133,52.974387,-1.18451,52.94848,-1.196293,2986.9
cityA,cityA_0134,52.96642,-1.178785,52.947299,-1.189075,2235.1
cityA,cityA_0135,52.978378,-1.170639,52.969147,-1.138123,2407.1
cityA,cityA_0136,52.932291,-1.123915,52.945363,-1.133898,1600.2
cityA,cityA_0137,52.955842,-1.197891,52.949075,-1.181496,1331.4
cityA,cityA_0138,52.944663,-1.16489,52.957175,-1.190641,2216.3
cityA,cityA_0139,52.965957,-1.179521,52.966976,-1.143244,2432.1
cityA,cityA_0140,52.949687,-1.168246,52.974562,-1.182592,2928.2
cityA,cityA_0141,52.943572,-1.171961,52.939451,-1.199162,1879.5
cityA,cityA_0142,52.974692,-1.181827,52.961956,-1.194764,1660.2
cityA,cityA_0143,52.950896,-1.167716,52.931046,-1.168528,2207.9
cityA,cityA_0144,52.945522,-1.158358,52.94291,-1.188622,2048.5
cityA,cityA_0145,52.949532,-1.160315,52.936803,-1.143331,1816.2
cityA,cityA_0146,52.94075,-1.194482,52.946259,-1.165046,2065.3
cityA,cityA_0147,52.96561,-1.20074,52.948934,-1.170232,2759.4
cityA,cityA_0148,52.959438,-1.160877,52.945379,-1.180148,2027.5
cityA,cityA_0149,52.941943,-1.143076,52.937844,-1.160849,1275.3
cityA,cityA_0150,52.961024,-1.117454,52.947382,-1.15129,2727.5
cityA,cityA_0151,52.978689,-1.13383,52.961676,-1.147299,2095.7
cityA,cityA_0152,52.949992,-1.165648,52.942713,-1.128633,2608.8
cityA,cityA_0153,52.975305,-1.16866,52.976919,-1.199391,2065.4
cityA,cityA_0154,52.935136,-1.157467,52.944465,-1.17058,1359.5
cityA,cityA_0155,52.949071,-1.181403,52.954455,-1.144675,2532.4
cityA,cityA_0156,52.957399,-1.14698,52.958081,-1.1285,1240.2
cityA,cityA_0157,52.944721,-1.138795,52.965351,-1.141422,2300.6
cityA,cityA_0158,52.954295,-1.152395,52.947754,-1.177258,1817.6
cityA,cityA_0159,52.945349,-1.186906,52.955542,-1.191536,1175.1
